program_code,program_name,university,institution,domain
10101,الإجازة في العربية,جامعة تونس,كلية العلوم الإنسانية والإجتماعية بتونس,الآداب واللغات والمراحل التحضيرية الأدبية
10102,الإجازة في الإنقليزية,جامعة تونس,كلية العلوم الإنسانية والإجتماعية بتونس,الآداب واللغات والمراحل التحضيرية الأدبية
10103,الإجازة في الفرنسية,جامعة تونس,كلية العلوم الإنسانية والإجتماعية بتونس,الآداب واللغات والمراحل التحضيرية الأدبية
10104,الإجازة في الإسبانية,جامعة منوبة,كلية الآداب والفنون والإنسانيات بمنوبة,الآداب واللغات والمراحل التحضيرية الأدبية
10105,الإجازة في الإيطالية,جامعة منوبة,كلية الآداب والفنون والإنسانيات بمنوبة,الآداب واللغات والمراحل التحضيرية الأدبية
10106,الإجازة في الألمانية,جامعة منوبة,كلية الآداب والفنون والإنسانيات بمنوبة,الآداب واللغات والمراحل التحضيرية الأدبية
10107,الإجازة في الروسية,جامعة قرطاج,المعهد العالي للغات بتونس,الآداب واللغات والمراحل التحضيرية الأدبية
10108,الإجازة في الصينية,جامعة قرطاج,المعهد العالي للغات بتونس,الآداب واللغات والمراحل التحضيرية الأدبية
10118,الإجازة في الأنتروبولوجيا,جامعة تونس المنار,المعهد العالي للعلوم الإنسانية بتونس,العلوم الإنسانية والإجتماعية والدينية والتربية
10119,الإجازة في لغة الإشارات,جامعة تونس المنار,المعهد العالي للعلوم الإنسانية بتونس,الآداب واللغات والمراحل التحضيرية الأدبية
10120,الإجازة في عـلــم الاجتماع,جامعة تونس,كلية العلوم الإنسانية والإجتماعية بتونس,العلوم الإنسانية والإجتماعية والدينية والتربية
10121,الإجازة في علم النـفـــس,جامعة تونس,كلية العلوم الإنسانية والإجتماعية بتونس,العلوم الإنسانية والإجتماعية والدينية والتربية
10122,الإجازة في الفـلســفــة,جامعة تونس,كلية العلوم الإنسانية والإجتماعية بتونس,العلوم الإنسانية والإجتماعية والدينية والتربية
10123,الإجازة في التاريخ,جامعة تونس,كلية العلوم الإنسانية والإجتماعية بتونس,العلوم الإنسانية والإجتماعية والدينية والتربية
10124,الإجازة في الجغرافيا,جامعة تونس,كلية العلوم الإنسانية والإجتماعية بتونس,العلوم الإنسانية والإجتماعية والدينية والتربية
10138,الإجازة في العلوم الإسلامية,جامعة الزيتونة,المعهد العالي للحضارة الإسلامية بتونس,العلوم الإنسانية والإجتماعية والدينية والتربية
10139,الإجازة في العلوم الشرعية,جامعة الزيتونة,المعهد العالي لأصول الدين بتونس,العلوم الإنسانية والإجتماعية والدينية والتربية
10158,الإجازة في الجيوماتيك والبيئة والتهيئة,جامعة منوبة,كلية الآداب والفنون والإنسانيات بمنوبة,العلوم الإنسانية والإجتماعية والدينية والتربية
10160,الاجازة في الجيوبوليتيك و العلاقات الدولية,جامعة منوبة,كلية الآداب والفنون والإنسانيات بمنوبة,العلوم الإنسانية والإجتماعية والدينية والتربية
10162,الإجازة في المحافظة على الممتلكات الثقافية و ترميمها,جامعة تونس,المعهد العالى لمهن التراث بتونس,العلوم الإنسانية والإجتماعية والدينية والتربية
10164,الاجازة في الجيوماتيك والتهيئة,جامعة تونس,كلية العلوم الإنسانية والإجتماعية بتونس,العلوم الإنسانية والإجتماعية والدينية والتربية
10167,الإجازة في الآثار,جامعة تونس المنار,المعهد العالي للعلوم الإنسانية بتونس,العلوم الإنسانية والإجتماعية والدينية والتربية
10168,الاجازة في علوم الجيوماتيك والتطبيقات,جامعة تونس المنار,كلية العلوم بتونس,العلوم الصحيحة والتكنولوجيا
10190,المرحلة التحضيرية للغات والآداب:عربية,جامعة تونس,المعهد التحضيري للدراسات الأدبية والعلوم الإنسانية بتونس,الآداب واللغات والمراحل التحضيرية الأدبية
10191,المرحلة التحضيرية للغات والآداب:فرنسية,جامعة تونس,المعهد التحضيري للدراسات الأدبية والعلوم الإنسانية بتونس,الآداب واللغات والمراحل التحضيرية الأدبية
10192,المرحلة التحضيرية للغات والآداب:انقليزية,جامعة تونس,المعهد التحضيري للدراسات الأدبية والعلوم الإنسانية بتونس,الآداب واللغات والمراحل التحضيرية الأدبية
10193,المرحلة التحضيرية للعلوم الإنسانية:تاريخ,جامعة تونس,المعهد التحضيري للدراسات الأدبية والعلوم الإنسانية بتونس,الآداب واللغات والمراحل التحضيرية الأدبية
10194,المرحلة التحضيرية للعلوم الإنسانية:جغرافيا,جامعة تونس,المعهد التحضيري للدراسات الأدبية والعلوم الإنسانية بتونس,الآداب واللغات والمراحل التحضيرية الأدبية
10195,المرحلة التحضيرية للعلوم الإنسانية:فلسفة,جامعة تونس,المعهد التحضيري للدراسات الأدبية والعلوم الإنسانية بتونس,الآداب واللغات والمراحل التحضيرية الأدبية
10200,الإجازة في المسرح و فنون العرض,جامعة تونس,المعهدالعالي للفن المسرحي بتونس,الثقافة والفنون الجميلة والفنون والحرف
10201,الإجازة في الموسيقى و العلوم الموسيقية,جامعة تونس,المعهد العالي للموسيقى بتونس,الثقافة والفنون الجميلة والفنون والحرف
10202,الإجازة في الفنون التشكيلية,جامعة تونس,المعهد العالى للفنون الجميلة بتونس,الثقافة والفنون الجميلة والفنون والحرف
10203,الهندسة المعمارية,جامعة قرطاج,المدرسة الوطنية للهندسة المعمارية و التعمير بتونس,الهندسة المعمارية والمراحل التحضيرية العلمية
10207,الإجازة في تصميم الفضاء,جامعة تونس,المعهد العالى للفنون الجميلة بتونس,الثقافة والفنون الجميلة والفنون والحرف
10208,الاجازة في تصميم المنتوج,جامعة تونس,المعهد العالى للفنون الجميلة بتونس,الثقافة والفنون الجميلة والفنون والحرف
10209,الاجازة في تصميم الصورة,جامعة تونس,المعهد العالى للفنون الجميلة بتونس,الثقافة والفنون الجميلة والفنون والحرف
10244,الإجازة في التعمير و التهيئة,جامعة قرطاج,المعهد العالي لتكنولوجيات البيئة والعمران والبنيان,الهندسة المعمارية والمراحل التحضيرية العلمية
10260,الإجازة في فنون التراث الإسلامي,جامعة الزيتونة,المعهد العالي لأصول الدين بتونس,العلوم الإنسانية والإجتماعية والدينية والتربية
10265,الإجازة في السينما والسمعي البصري,جامعة منوبة,المعهد العالي لفنون الملتميديا بمنوبة,الثقافة والفنون الجميلة والفنون والحرف
10301,الإجازة في القانون,جامعة تونس المنار,كلية الحقوق والعلوم السياسية بتونس,العلوم القانونية والعلوم السياسية
10311,الإجازة في إعلامية التـصـرف,جامعة تونس,المعهد العالي للتصرف بتونس,العلوم الصحيحة والتكنولوجيا
10312,الاجازة في العلوم الاقتصادية,جامعة تونس,المعهد العالي للتصرف بتونس,العلوم الإقتصادية وعلوم التصرف
10318,الإجازة في علوم التصرف,جامعة تونس,المعهد العالي للتصرف بتونس,العلوم الإقتصادية وعلوم التصرف
10346,الإجازة في القانون الاجتماعي,جامعة قرطاج,المعهد الوطني للشغل والدراسات الإجتماعية بتونس,العلوم القانونية والعلوم السياسية
10347,الاجازة في علوم الشغل,جامعة قرطاج,المعهد الوطني للشغل والدراسات الإجتماعية بتونس,العلوم الإقتصادية وعلوم التصرف
10355,الإجازة في الخدمة الاجتماعية,جامعة قرطاج,المعهد الوطني للشغل والدراسات الإجتماعية بتونس,العلوم الإنسانية والإجتماعية والدينية والتربية
10360,الإجازة في التصرف في تكنولوجيات المعلومات والاتصال,الإدارة العامة للدراسات التكنولوجية,المعهد العالي للدراسات التكنولوجية في المواصلات بتونس,العلوم الصحيحة والتكنولوجيا
10362,الإجازة في التصرف الإلكتروني في المعلومات و الوثائق,جامعة منوبة,المعهد العالي للتوثيق بتونس,العلوم الإنسانية والإجتماعية والدينية والتربية
10363,الإجازة في التوثيق وعلوم المكتبات والأرشيف,جامعة منوبة,المعهد العالي للتوثيق بتونس,العلوم الإنسانية والإجتماعية والدينية والتربية
10377,البكالوريوس في إدارة الأعمال,جامعة تونس,المعهد العالي للأعمال بتونس,العلوم الإقتصادية وعلوم التصرف
10391,الإجازة في إدارة الأعمال,الإدارة العامة للدراسات التكنولوجية,المعهد العالي للدراسات التكنولوجية برادس,العلوم الإقتصادية وعلوم التصرف
10394,الاجازة في المحاسبة و المالية,الإدارة العامة للدراسات التكنولوجية,المعهد العالي للدراسات التكنولوجية برادس,العلوم الإقتصادية وعلوم التصرف
10396,الاجازة في التجارة والتوزيع,الإدارة العامة للدراسات التكنولوجية,المعهد العالي للدراسات التكنولوجية برادس,العلوم الإقتصادية وعلوم التصرف
10443,الإجازة في الوساطة والتنشيط,جامعة تونس,المعهد العالي للتنشيط الشبابي والثقافي ببئر الباي,السياحة والتنشيط والرياضة والتربية البدنية
10450,الإجازة في علوم وتقنيات الأنشطة البدنية والرياضة,جامعة منوبة,المعهد العالي للرياضة و التربية البدنية بقصر السعيد,السياحة والتنشيط والرياضة والتربية البدنية
10452,الاجازة في السياحة,جامعة قرطاج,المعهد العالي للدراسات السياحية والفندقية بسيدي الظريف,السياحة والتنشيط والرياضة والتربية البدنية
10453,الإجازة في الفندقة,جامعة قرطاج,المعهد العالي للدراسات السياحية والفندقية بسيدي الظريف,السياحة والتنشيط والرياضة والتربية البدنية
10470,الإجازة في علوم التربية,جامعة قرطاج,المعهد العالي لإطارات الطفولة بقرطاج درمش,العلوم الإنسانية والإجتماعية والدينية والتربية
10473,الإجازة في التربية المختصة,جامعة منوبة,المعهد العالي للتربية المختصة,العلوم الإنسانية والإجتماعية والدينية والتربية
10501,الإجازة في الكيمياء,جامعة تونس المنار,كلية العلوم بتونس,العلوم الصحيحة والتكنولوجيا
10502,الإجازة في الفيزياء و الكيمياء,جامعة تونس المنار,كلية العلوم بتونس,العلوم الصحيحة والتكنولوجيا
10503,الإجازة في الفيزياء,جامعة تونس المنار,كلية العلوم بتونس,العلوم الصحيحة والتكنولوجيا
10504,الإجازة في الفيزياء و الطاقة,جامعة تونس المنار,كلية العلوم بتونس,العلوم الصحيحة والتكنولوجيا
10505,الاجازة في الرياضيات التطبيقية,جامعة تونس المنار,كلية العلوم بتونس,العلوم الصحيحة والتكنولوجيا
10507,الإجازة في الرياضيات,جامعة تونس المنار,كلية العلوم بتونس,العلوم الصحيحة والتكنولوجيا
10509,الإجازة في علوم الأحياء,جامعة منوبة,المعهد العالي للبيوتكنولوجيا بسيدي ثابت,العلوم الصحيحة والتكنولوجيا
10510,الإجازة في علوم الأرض,جامعة تونس المنار,كلية العلوم بتونس,العلوم الصحيحة والتكنولوجيا
10512,الإجازة في علوم الأحياء و المحيط,جامعة تونس المنار,كلية العلوم بتونس,العلوم الصحيحة والتكنولوجيا
10513,الإجازة في علوم الحياة و الأرض,جامعة تونس المنار,كلية العلوم بتونس,العلوم الصحيحة والتكنولوجيا
10514,الإجازة في الكيمياء - علم الأحياء,جامعة تونس المنار,كلية العلوم بتونس,العلوم الصحيحة والتكنولوجيا
10516,مرحلة تحضيرية مندمجة في الهندسة البيوطبية,جامعة تونس المنار,المعهد العالي للتكنولوجيات الطبية بتونس,الهندسة المعمارية والمراحل التحضيرية العلمية
10517,مرحلة تحضيرية مندمجة في هندسة بيوتكنولوجيات الصحة,جامعة تونس المنار,المعهد العالي للتكنولوجيات الطبية بتونس,الهندسة المعمارية والمراحل التحضيرية العلمية
10518,مرحلة تحضيرية مندمجة,جامعة تونس المنار,كلية العلوم بتونس,الهندسة المعمارية والمراحل التحضيرية العلمية
10520,مرحلة تحضيرية مندمجة: رياضيات- فيزياء و إعلامـيـة,جامعة قرطاج,المعهد الوطني للعلوم التطبيقية والتكنولوجيا بتونس,الهندسة المعمارية والمراحل التحضيرية العلمية
10521,مرحلة تحضيرية مندمجة: كـيـمـيـاء - بـيـولوجيا تطبيقية,جامعة قرطاج,المعهد الوطني للعلوم التطبيقية والتكنولوجيا بتونس,الهندسة المعمارية والمراحل التحضيرية العلمية
10522,مرحلة تحضيرية علمية,جامعة تونس,المعهد التحضيري للدراسات الهندسية بتونس,الهندسة المعمارية والمراحل التحضيرية العلمية
10523,الإجازة في علوم الإعلامية,جامعة منوبة,المعهد العالي لفنون الملتميديا بمنوبة,العلوم الصحيحة والتكنولوجيا
10524,الإجازة في هندسة نظم الإعلامية,جامعة تونس المنار,كلية العلوم بتونس,العلوم الصحيحة والتكنولوجيا
10532,مرحلة تحضيرية - تكنولوجيا,جامعة تونس المنار,المعهد التحضيري للدراسات الهندسية بالمنار,الهندسة المعمارية والمراحل التحضيرية العلمية
10545,الإجازة في البيوتكنولوجيا الطبية,جامعة تونس المنار,المعهد العالي للتكنولوجيات الطبية بتونس,علوم الصحة والطب وطب الأسنان والصيدلة
10546,الإجازة في البيوتكنولوجيا,جامعة منوبة,المعهد العالي للبيوتكنولوجيا بسيدي ثابت,العلوم الفلاحية والبيوتكنولوجيا والبيئة
10547,الإجازة في الصحة والسلامة المهنية,جامعة قرطاج,المعهد الوطني للشغل والدراسات الإجتماعية بتونس,علوم الصحة والطب وطب الأسنان والصيدلة
10548,الإجازة في التدخل الاجتماعي,جامعة قرطاج,المعهد الوطني للشغل والدراسات الإجتماعية بتونس,العلوم الإنسانية والإجتماعية والدينية والتربية
10566,الإجازة في تكنولوجيات الإعلامية,الإدارة العامة للدراسات التكنولوجية,المعهد العالي للدراسات التكنولوجية برادس,العلوم الصحيحة والتكنولوجيا
10568,الإجازة في الهندسـة المدنية,جامعة قرطاج,المعهد العالي لتكنولوجيات البيئة والعمران والبنيان,العلوم الصحيحة والتكنولوجيا
10570,الإجازة في الهندسـة الميكانـيـكـيـة,الإدارة العامة للدراسات التكنولوجية,المعهد العالي للدراسات التكنولوجية برادس,العلوم الصحيحة والتكنولوجيا
10571,الإجازة في الهندسـة الكهـربـائـيــة,الإدارة العامة للدراسات التكنولوجية,المعهد العالي للدراسات التكنولوجية برادس,العلوم الصحيحة والتكنولوجيا
10572,الإجازة في علوم وتكنولوجيات المعلومات والاتصالات,الإدارة العامة للدراسات التكنولوجية,المعهد العالي للدراسات التكنولوجية في المواصلات بتونس,العلوم الصحيحة والتكنولوجيا
10573,الإجازة في تكنولوجيات المعلومات والاتصالات,جامعة تونس المنار,كلية العلوم بتونس,العلوم الصحيحة والتكنولوجيا
10603,الإجازة في الهندسة الطاقية,جامعة قرطاج,المعهد العالي لعلوم و تكنولوجيات البيئة ببرج السدرية,العلوم الصحيحة والتكنولوجيا
10611,الإجازة في الصحافة,جامعة منوبة,معهد الصحافة وعلوم الإخبار,العلوم الإنسانية والإجتماعية والدينية والتربية
10612,الإجازة في الاتصال,جامعة منوبة,معهد الصحافة وعلوم الإخبار,العلوم الإنسانية والإجتماعية والدينية والتربية
10622,الإجازة في الفنون و الوسائط,جامعة منوبة,المعهد العالي لفنون الملتميديا بمنوبة,الثقافة والفنون الجميلة والفنون والحرف
10629,الإجازة في الإلكترونيك والكهروتقنية والآلية,جامعة تونس المنار,كلية العلوم بتونس,العلوم الصحيحة والتكنولوجيا
10700,الـطــب,جامعة تونس المنار,كلية الطب بتونس,علوم الصحة والطب وطب الأسنان والصيدلة
10740,الإجازة في الـتـبـنـيـج والإنعاش,جامعة تونس المنار,المدرسة العليا لعلوم وتقنيات الصحة بتونس,علوم الصحة والطب وطب الأسنان والصيدلة
10741,الإجازة في التصوير الطبي والمداواة بالأشعة,جامعة تونس المنار,المدرسة العليا لعلوم وتقنيات الصحة بتونس,علوم الصحة والطب وطب الأسنان والصيدلة
10742,الإجازة في حفظ الصحة والوقاية والمحيط,جامعة تونس المنار,المدرسة العليا لعلوم وتقنيات الصحة بتونس,علوم الصحة والطب وطب الأسنان والصيدلة
10743,الإجازة في البيولوجيا الطبية,جامعة تونس المنار,المدرسة العليا لعلوم وتقنيات الصحة بتونس,علوم الصحة والطب وطب الأسنان والصيدلة
10745,الإجازة في تقويـم النطـق والكلام,جامعة تونس المنار,المدرسة العليا لعلوم وتقنيات الصحة بتونس,علوم الصحة والطب وطب الأسنان والصيدلة
10746,الاجازة في أجهزة جراحة العظام,جامعة تونس المنار,المدرسة العليا لعلوم وتقنيات الصحة بتونس,علوم الصحة والطب وطب الأسنان والصيدلة
10747,الإجازة في التغذية البشرية,جامعة تونس المنار,المدرسة العليا لعلوم وتقنيات الصحة بتونس,علوم الصحة والطب وطب الأسنان والصيدلة
10748,الاجازة في العلاج بالعمل,جامعة تونس المنار,المدرسة العليا لعلوم وتقنيات الصحة بتونس,علوم الصحة والطب وطب الأسنان والصيدلة
10750,الإجازة في أدواتية قاعة العمليات الجراحية,جامعة تونس المنار,المدرسة العليا لعلوم وتقنيات الصحة بتونس,علوم الصحة والطب وطب الأسنان والصيدلة
10753,الإجازة في تركيب و إستعمال آلة سمع,جامعة تونس المنار,المعهد العالي للتكنولوجيات الطبية بتونس,علوم الصحة والطب وطب الأسنان والصيدلة
10754,الإجازة في الرعـايـة الصحية للطفل,جامعة تونس المنار,المدرسة العليا لعلوم وتقنيات الصحة بتونس,علوم الصحة والطب وطب الأسنان والصيدلة
10759,الإجازة في الهندسة البيوطبية,جامعة تونس المنار,المعهد العالي للتكنولوجيات الطبية بتونس,علوم الصحة والطب وطب الأسنان والصيدلة
10797,الإجازة في علوم التمريض-اناث,جامعة تونس المنار,المعهد العالي لعلوم التمريض بتونس,علوم الصحة والطب وطب الأسنان والصيدلة
10799,الإجازة في علوم الـتــولـيـــد - قابلة,جامعة تونس المنار,المدرسة العليا لعلوم وتقنيات الصحة بتونس,علوم الصحة والطب وطب الأسنان والصيدلة
10832,مرحلة تحضيرية: بيولوجيا - جيولوجيا,جامعة تونس المنار,كلية العلوم بتونس,الهندسة المعمارية والمراحل التحضيرية العلمية
10840,الإجازة في الصناعات الغذائية,جامعة قرطاج,المدرسة العليا للصناعات الغذائية بتونس,العلوم الفلاحية والبيوتكنولوجيا والبيئة
11101,الإجازة في العربية,جامعة منوبة,كلية الآداب والفنون والإنسانيات بمنوبة,الآداب واللغات والمراحل التحضيرية الأدبية
11102,الإجازة في الإنقليزية,جامعة منوبة,كلية الآداب والفنون والإنسانيات بمنوبة,الآداب واللغات والمراحل التحضيرية الأدبية
11103,الإجازة في الفرنسية,جامعة منوبة,كلية الآداب والفنون والإنسانيات بمنوبة,الآداب واللغات والمراحل التحضيرية الأدبية
11104,الإجازة في الإسبانية,جامعة تونس المنار,المعهد العالي للعلوم الإنسانية بتونس,الآداب واللغات والمراحل التحضيرية الأدبية
11105,الإجازة في الإيطالية,جامعة تونس المنار,المعهد العالي للعلوم الإنسانية بتونس,الآداب واللغات والمراحل التحضيرية الأدبية
11106,الإجازة في الألمانية,جامعة تونس المنار,المعهد العالي للعلوم الإنسانية بتونس,الآداب واللغات والمراحل التحضيرية الأدبية
11120,الإجازة في عـلــم الاجتماع,جامعة تونس المنار,المعهد العالي للعلوم الإنسانية بتونس,العلوم الإنسانية والإجتماعية والدينية والتربية
11121,الإجازة في علم النـفـــس,جامعة تونس المنار,المعهد العالي للعلوم الإنسانية بتونس,العلوم الإنسانية والإجتماعية والدينية والتربية
11122,الإجازة في الفـلســفــة,جامعة تونس المنار,المعهد العالي للعلوم الإنسانية بتونس,العلوم الإنسانية والإجتماعية والدينية والتربية
11123,الإجازة في التاريخ,جامعة منوبة,كلية الآداب والفنون والإنسانيات بمنوبة,العلوم الإنسانية والإجتماعية والدينية والتربية
11124,الإجازة في الجغرافيا,جامعة منوبة,كلية الآداب والفنون والإنسانيات بمنوبة,العلوم الإنسانية والإجتماعية والدينية والتربية
11190,المرحلة التحضيرية للغات والآداب:عربية,جامعة منوبة,كلية الآداب والفنون والإنسانيات بمنوبة,الآداب واللغات والمراحل التحضيرية الأدبية
11191,المرحلة التحضيرية للغات والآداب:فرنسية,جامعة منوبة,كلية الآداب والفنون والإنسانيات بمنوبة,الآداب واللغات والمراحل التحضيرية الأدبية
11192,المرحلة التحضيرية للغات والآداب:انقليزية,جامعة منوبة,كلية الآداب والفنون والإنسانيات بمنوبة,الآداب واللغات والمراحل التحضيرية الأدبية
11207,الإجازة في تصميم الفضاء,جامعة منوبة,المدرسة العليا لعلوم و تكنولوجيات التصميم,الثقافة والفنون الجميلة والفنون والحرف
11208,الاجازة في تصميم المنتوج,جامعة منوبة,المدرسة العليا لعلوم و تكنولوجيات التصميم,الثقافة والفنون الجميلة والفنون والحرف
11209,الاجازة في تصميم الصورة,جامعة منوبة,المدرسة العليا لعلوم و تكنولوجيات التصميم,الثقافة والفنون الجميلة والفنون والحرف
11301,الإجازة في القانون,جامعة قرطاج,كلية العلوم القانونية والسياسية والإجتماعية بتونس,العلوم القانونية والعلوم السياسية
11311,الإجازة في إعلامية التـصـرف,جامعة تونس,المدرسة العليا للعلوم الإقتصادية والتجارية بتونس,العلوم الصحيحة والتكنولوجيا
11312,الاجازة في العلوم الاقتصادية,جامعة تونس,المدرسة العليا للعلوم الإقتصادية والتجارية بتونس,العلوم الإقتصادية وعلوم التصرف
11318,الإجازة في علوم التصرف,جامعة تونس,المدرسة العليا للعلوم الإقتصادية والتجارية بتونس,العلوم الإقتصادية وعلوم التصرف
11391,الإجازة في إدارة الأعمال,الإدارة العامة للدراسات التكنولوجية,المعهد العالي للدراسات التكنولوجية بالشرقية,العلوم الإقتصادية وعلوم التصرف
11422,المرحلة التحضيرية العلمية: فيزياء - كيمياء,جامعة تونس المنار,كلية العلوم بتونس,الهندسة المعمارية والمراحل التحضيرية العلمية
11501,الإجازة في الكيمياء,جامعة قرطاج,المعهد العالي لعلوم و تكنولوجيات البيئة ببرج السدرية,العلوم الصحيحة والتكنولوجيا
11502,الإجازة في الفيزياء و الكيمياء,جامعة قرطاج,المعهد العالي لعلوم و تكنولوجيات البيئة ببرج السدرية,العلوم الصحيحة والتكنولوجيا
11505,الاجازة في الرياضيات التطبيقية,جامعة قرطاج,المعهد العالي لعلوم و تكنولوجيات البيئة ببرج السدرية,العلوم الصحيحة والتكنولوجيا
11509,الإجازة في علوم الأحياء,جامعة تونس المنار,كلية العلوم بتونس,العلوم الصحيحة والتكنولوجيا
11512,الإجازة في علوم الأحياء و المحيط,جامعة تونس المنار,المعهد العالي للعلوم البيولوجية التطبيقية بتونس,العلوم الصحيحة والتكنولوجيا
11518,مرحلة تحضيرية مندمجة,جامعة تونس,المعهد العالي للهندسة الرقمية بتونس,الهندسة المعمارية والمراحل التحضيرية العلمية
11523,الإجازة في علوم الإعلامية,جامعة تونس المنار,المعهد العالي للاعلامية,العلوم الصحيحة والتكنولوجيا
11524,الإجازة في هندسة نظم الإعلامية,جامعة تونس المنار,المعهد العالي للاعلامية,العلوم الصحيحة والتكنولوجيا
11525,مرحلة تحضيرية مندمجة: رياضيات- فيزياء- كيمياء,جامعة منوبة,المدرسة الوطنية للمهندسين بمنوبة,الهندسة المعمارية والمراحل التحضيرية العلمية
11526,مرحلة تحضيرية مندمجة: رياضيات- فيزياء و إعلامـيـة,جامعة منوبة,المدرسة الوطنية للمهندسين بمنوبة,الهندسة المعمارية والمراحل التحضيرية العلمية
11546,الإجازة في البيوتكنولوجيا,جامعة تونس المنار,المعهد العالي للعلوم البيولوجية التطبيقية بتونس,العلوم الفلاحية والبيوتكنولوجيا والبيئة
11566,الإجازة في تكنولوجيات الإعلامية,الإدارة العامة للدراسات التكنولوجية,المعهد العالي للدراسات التكنولوجية بالشرقية,العلوم الصحيحة والتكنولوجيا
11568,الإجازة في الهندسـة المدنية,الإدارة العامة للدراسات التكنولوجية,المعهد العالي للدراسات التكنولوجية برادس,العلوم الصحيحة والتكنولوجيا
11573,الإجازة في تكنولوجيات المعلومات والاتصالات,جامعة قرطاج,المعهد العالي لتكنولوجيا المعلومات والإتصال ببرج السدرية,العلوم الصحيحة والتكنولوجيا
11629,الإجازة في الإلكترونيك والكهروتقنية والآلية,جامعة تونس المنار,المعهد العالي للاعلامية,العلوم الصحيحة والتكنولوجيا
11744,الإجازة في العلاج الطبيعي,جامعة تونس المنار,المدرسة العليا لعلوم وتقنيات الصحة بتونس,علوم الصحة والطب وطب الأسنان والصيدلة
11797,الإجازة في علوم التمريض-ذكور,جامعة تونس المنار,المعهد العالي لعلوم التمريض بتونس,علوم الصحة والطب وطب الأسنان والصيدلة
11832,مرحلة تحضيرية: بيولوجيا - جيولوجيا,جامعة تونس المنار,المعهد العالي للتكنولوجيات الطبية بتونس,الهندسة المعمارية والمراحل التحضيرية العلمية
12101,الإجازة في العربية,جامعة تونس المنار,المعهد العالي للعلوم الإنسانية بتونس,الآداب واللغات والمراحل التحضيرية الأدبية
12102,الإجازة في الإنقليزية,جامعة تونس المنار,المعهد العالي للعلوم الإنسانية بتونس,الآداب واللغات والمراحل التحضيرية الأدبية
12103,الإجازة في الفرنسية,جامعة تونس المنار,المعهد العالي للعلوم الإنسانية بتونس,الآداب واللغات والمراحل التحضيرية الأدبية
12104,الإجازة في الإسبانية,جامعة قرطاج,المعهد العالي للغات بتونس,الآداب واللغات والمراحل التحضيرية الأدبية
12105,الإجازة في الإيطالية,جامعة قرطاج,المعهد العالي للغات بتونس,الآداب واللغات والمراحل التحضيرية الأدبية
12106,الإجازة في الألمانية,جامعة قرطاج,المعهد العالي للغات بتونس,الآداب واللغات والمراحل التحضيرية الأدبية
12311,الإجازة في إعلامية التـصـرف,جامعة منوبة,المدرسة العليا للإقتصاد الرقمي بمنوبة,العلوم الصحيحة والتكنولوجيا
12312,الاجازة في العلوم الاقتصادية,جامعة منوبة,المدرسة العليا للتجارة بمنوبة,العلوم الإقتصادية وعلوم التصرف
12318,الإجازة في علوم التصرف,جامعة منوبة,المدرسة العليا للتجارة بمنوبة,العلوم الإقتصادية وعلوم التصرف
12512,الإجازة في علوم الأحياء و المحيط,جامعة قرطاج,المعهد العالي لعلوم و تكنولوجيات البيئة ببرج السدرية,العلوم الصحيحة والتكنولوجيا
12523,الإجازة في علوم الإعلامية,جامعة تونس المنار,كلية العلوم بتونس,العلوم الصحيحة والتكنولوجيا
12524,الإجازة في هندسة نظم الإعلامية,جامعة قرطاج,المعهد العالي لتكنولوجيا المعلومات والإتصال ببرج السدرية,العلوم الصحيحة والتكنولوجيا
12629,الإجازة في الإلكترونيك والكهروتقنية والآلية,جامعة قرطاج,المعهد العالي لتكنولوجيا المعلومات والإتصال ببرج السدرية,العلوم الصحيحة والتكنولوجيا
12832,مرحلة تحضيرية: بيولوجيا - جيولوجيا,جامعة قرطاج,المعهد العالى للدراسات التحضيرية في البيولوجيا و الجولوجيا بسكرة,الهندسة المعمارية والمراحل التحضيرية العلمية
13101,الإجازة في العربية,جامعة قرطاج,المعهد العالي للغات بتونس,الآداب واللغات والمراحل التحضيرية الأدبية
13102,الإجازة في الإنقليزية,جامعة قرطاج,المعهد العالي للغات بتونس,الآداب واللغات والمراحل التحضيرية الأدبية
13103,الإجازة في الفرنسية,جامعة قرطاج,المعهد العالي للغات بتونس,الآداب واللغات والمراحل التحضيرية الأدبية
13311,الإجازة في إعلامية التـصـرف,جامعة تونس المنار,كلية العلوم الإقتصادية والتصرف بتونس,العلوم الصحيحة والتكنولوجيا
13312,الاجازة في العلوم الاقتصادية,جامعة تونس المنار,كلية العلوم الإقتصادية والتصرف بتونس,العلوم الإقتصادية وعلوم التصرف
13318,الإجازة في علوم التصرف,جامعة تونس المنار,كلية العلوم الإقتصادية والتصرف بتونس,العلوم الإقتصادية وعلوم التصرف
13510,الإجازة في علوم الأرض,جامعة قرطاج,المعهد العالي لعلوم و تكنولوجيات البيئة ببرج السدرية,العلوم الصحيحة والتكنولوجيا
13522,مرحلة تحضيرية علمية,جامعة تونس المنار,المعهد التحضيري للدراسات الهندسية بالمنار,الهندسة المعمارية والمراحل التحضيرية العلمية
13523,الإجازة في علوم الإعلامية,جامعة قرطاج,المعهد العالي لتكنولوجيا المعلومات والإتصال ببرج السدرية,العلوم الصحيحة والتكنولوجيا
14311,الإجازة في إعلامية التـصـرف,جامعة قرطاج,معهد الدراسات العليا التجارية بقرطاج,العلوم الصحيحة والتكنولوجيا
14312,الاجازة في العلوم الاقتصادية,جامعة قرطاج,المعهد الوطني للشغل والدراسات الإجتماعية بتونس,العلوم الإقتصادية وعلوم التصرف
14318,الإجازة في علوم التصرف,جامعة قرطاج,معهد الدراسات العليا التجارية بقرطاج,العلوم الإقتصادية وعلوم التصرف
15318,الإجازة في علوم التصرف,جامعة منوبة,المعهد العالي للمحاسبة و إدارة المؤسـسات بمنوبة,العلوم الإقتصادية وعلوم التصرف
16318,الإجازة في علوم التصرف,جامعة قرطاج,المعهد الوطني للشغل والدراسات الإجتماعية بتونس,العلوم الإقتصادية وعلوم التصرف
20311,الإجازة في إعلامية التـصـرف,جامعة قرطاج,المعهد العالي للتصرف ببنزرت,العلوم الصحيحة والتكنولوجيا
20312,الاجازة في العلوم الاقتصادية,جامعة قرطاج,المعهد العالي للتصرف ببنزرت,العلوم الإقتصادية وعلوم التصرف
20318,الإجازة في علوم التصرف,جامعة قرطاج,المعهد العالي للتصرف ببنزرت,العلوم الإقتصادية وعلوم التصرف
20501,الإجازة في الكيمياء,جامعة قرطاج,كلية العلوم ببنزرت,العلوم الصحيحة والتكنولوجيا
20502,الإجازة في الفيزياء و الكيمياء,جامعة قرطاج,كلية العلوم ببنزرت,العلوم الصحيحة والتكنولوجيا
20503,الإجازة في الفيزياء,جامعة قرطاج,كلية العلوم ببنزرت,العلوم الصحيحة والتكنولوجيا
20504,الإجازة في الفيزياء و الطاقة,جامعة قرطاج,كلية العلوم ببنزرت,العلوم الصحيحة والتكنولوجيا
20507,الإجازة في الرياضيات,جامعة قرطاج,كلية العلوم ببنزرت,العلوم الصحيحة والتكنولوجيا
20509,الإجازة في علوم الأحياء,جامعة قرطاج,كلية العلوم ببنزرت,العلوم الصحيحة والتكنولوجيا
20510,الإجازة في علوم الأرض,جامعة قرطاج,كلية العلوم ببنزرت,العلوم الصحيحة والتكنولوجيا
20512,الإجازة في علوم الأحياء و المحيط,جامعة قرطاج,كلية العلوم ببنزرت,العلوم الصحيحة والتكنولوجيا
20513,الإجازة في علوم الحياة و الأرض,جامعة قرطاج,كلية العلوم ببنزرت,العلوم الصحيحة والتكنولوجيا
20518,مرحلة تحضيرية مندمجة,جامعة قرطاج,كلية العلوم ببنزرت,الهندسة المعمارية والمراحل التحضيرية العلمية
20522,مرحلة تحضيرية علمية,جامعة قرطاج,المعهد التحضيري للدراسات الهندسية ببنزرت,الهندسة المعمارية والمراحل التحضيرية العلمية
20523,الإجازة في علوم الإعلامية,جامعة قرطاج,كلية العلوم ببنزرت,العلوم الصحيحة والتكنولوجيا
20524,الإجازة في هندسة نظم الإعلامية,جامعة قرطاج,كلية العلوم ببنزرت,العلوم الصحيحة والتكنولوجيا
20546,الإجازة في البيوتكنولوجيا,جامعة قرطاج,كلية العلوم ببنزرت,العلوم الفلاحية والبيوتكنولوجيا والبيئة
20573,الإجازة في تكنولوجيات المعلومات والاتصالات,جامعة قرطاج,كلية العلوم ببنزرت,العلوم الصحيحة والتكنولوجيا
20603,الإجازة في الهندسة الطاقية,جامعة قرطاج,كلية العلوم ببنزرت,العلوم الصحيحة والتكنولوجيا
20629,الإجازة في الإلكترونيك والكهروتقنية والآلية,جامعة قرطاج,كلية العلوم ببنزرت,العلوم الصحيحة والتكنولوجيا
20832,مرحلة تحضيرية: بيولوجيا - جيولوجيا,جامعة قرطاج,المعهد التحضيري للدراسات الهندسية ببنزرت,الهندسة المعمارية والمراحل التحضيرية العلمية
20844,الإجازة في العلوم الفلاحية,جامعة قرطاج,المدرسة العليا للفلاحة بمقرن,العلوم الفلاحية والبيوتكنولوجيا والبيئة
20846,الإجازة في علوم البحار,جامعة قرطاج,المعهد العالي لعلوم البحار ببنزرت,العلوم الفلاحية والبيوتكنولوجيا والبيئة
21391,الإجازة في إدارة الأعمال,الإدارة العامة للدراسات التكنولوجية,المعهد العالي للدراسات التكنولوجية ببنزرت,العلوم الإقتصادية وعلوم التصرف
21394,الاجازة في المحاسبة و المالية,الإدارة العامة للدراسات التكنولوجية,المعهد العالي للدراسات التكنولوجية ببنزرت,العلوم الإقتصادية وعلوم التصرف
21396,الاجازة في التجارة والتوزيع,الإدارة العامة للدراسات التكنولوجية,المعهد العالي للدراسات التكنولوجية ببنزرت,العلوم الإقتصادية وعلوم التصرف
21523,الإجازة في علوم الإعلامية,جامعة قرطاج,المعهد العالي للعلوم التطبيقية و التكنولوجيا بماطر,العلوم الصحيحة والتكنولوجيا
21524,الإجازة في هندسة نظم الإعلامية,جامعة قرطاج,المعهد العالي للعلوم التطبيقية و التكنولوجيا بماطر,العلوم الصحيحة والتكنولوجيا
21566,الإجازة في تكنولوجيات الإعلامية,الإدارة العامة للدراسات التكنولوجية,المعهد العالي للدراسات التكنولوجية ببنزرت,العلوم الصحيحة والتكنولوجيا
21570,الإجازة في الهندسـة الميكانـيـكـيـة,الإدارة العامة للدراسات التكنولوجية,المعهد العالي للدراسات التكنولوجية ببنزرت,العلوم الصحيحة والتكنولوجيا
21571,الإجازة في الهندسـة الكهـربـائـيــة,الإدارة العامة للدراسات التكنولوجية,المعهد العالي للدراسات التكنولوجية ببنزرت,العلوم الصحيحة والتكنولوجيا
21573,الإجازة في تكنولوجيات المعلومات والاتصالات,جامعة قرطاج,المعهد العالي للعلوم التطبيقية و التكنولوجيا بماطر,العلوم الصحيحة والتكنولوجيا
21597,الإجازة في هندسة الأساليب,الإدارة العامة للدراسات التكنولوجية,المعهد العالي للدراسات التكنولوجية ببنزرت,العلوم الصحيحة والتكنولوجيا
21629,الإجازة في الإلكترونيك والكهروتقنية والآلية,جامعة قرطاج,المعهد العالي للعلوم التطبيقية و التكنولوجيا بماطر,العلوم الصحيحة والتكنولوجيا
21844,الإجازة في العلوم الفلاحية,جامعة قرطاج,المدرسة العليا للفلاحة بماطر,العلوم الفلاحية والبيوتكنولوجيا والبيئة
22101,الإجازة في العربية,جامعة قرطاج,المعهد العالي للغات بنابل,الآداب واللغات والمراحل التحضيرية الأدبية
22102,الإجازة في الإنقليزية,جامعة قرطاج,المعهد العالي للغات بنابل,الآداب واللغات والمراحل التحضيرية الأدبية
22103,الإجازة في الفرنسية,جامعة قرطاج,المعهد العالي للغات بنابل,الآداب واللغات والمراحل التحضيرية الأدبية
22105,الإجازة في الإيطالية,جامعة قرطاج,المعهد العالي للغات بنابل,الآداب واللغات والمراحل التحضيرية الأدبية
22202,الإجازة في الفنون التشكيلية,جامعة قرطاج,المعهد العالى للفنون الجميلة بنابل,الثقافة والفنون الجميلة والفنون والحرف
22207,الإجازة في تصميم الفضاء,جامعة قرطاج,المعهد العالى للفنون الجميلة بنابل,الثقافة والفنون الجميلة والفنون والحرف
22208,الاجازة في تصميم المنتوج,جامعة قرطاج,المعهد العالى للفنون الجميلة بنابل,الثقافة والفنون الجميلة والفنون والحرف
22209,الاجازة في تصميم الصورة,جامعة قرطاج,المعهد العالى للفنون الجميلة بنابل,الثقافة والفنون الجميلة والفنون والحرف
22311,الإجازة في إعلامية التـصـرف,جامعة قرطاج,كلية العلوم الإقتصادية والتصرف بنابل,العلوم الصحيحة والتكنولوجيا
22312,الاجازة في العلوم الاقتصادية,جامعة قرطاج,كلية العلوم الإقتصادية والتصرف بنابل,العلوم الإقتصادية وعلوم التصرف
22318,الإجازة في علوم التصرف,جامعة قرطاج,كلية العلوم الإقتصادية والتصرف بنابل,العلوم الإقتصادية وعلوم التصرف
22391,الإجازة في إدارة الأعمال,الإدارة العامة للدراسات التكنولوجية,المعهد العالي للدراسات التكنولوجية بنابل,العلوم الإقتصادية وعلوم التصرف
22394,الاجازة في المحاسبة و المالية,الإدارة العامة للدراسات التكنولوجية,المعهد العالي للدراسات التكنولوجية بنابل,العلوم الإقتصادية وعلوم التصرف
22396,الاجازة في التجارة والتوزيع,الإدارة العامة للدراسات التكنولوجية,المعهد العالي للدراسات التكنولوجية بنابل,العلوم الإقتصادية وعلوم التصرف
22522,مرحلة تحضيرية علمية,جامعة قرطاج,المعهد التحضيري للدراسات الهندسية بنابل,الهندسة المعمارية والمراحل التحضيرية العلمية
22532,مرحلة تحضيرية - تكنولوجيا,جامعة قرطاج,المعهد التحضيري للدراسات الهندسية بنابل,الهندسة المعمارية والمراحل التحضيرية العلمية
22566,الإجازة في تكنولوجيات الإعلامية,الإدارة العامة للدراسات التكنولوجية,المعهد العالي للدراسات التكنولوجية بنابل,العلوم الصحيحة والتكنولوجيا
22568,الإجازة في الهندسـة المدنية,الإدارة العامة للدراسات التكنولوجية,المعهد العالي للدراسات التكنولوجية بنابل,العلوم الصحيحة والتكنولوجيا
22570,الإجازة في الهندسـة الميكانـيـكـيـة,الإدارة العامة للدراسات التكنولوجية,المعهد العالي للدراسات التكنولوجية بنابل,العلوم الصحيحة والتكنولوجيا
22571,الإجازة في الهندسـة الكهـربـائـيــة,الإدارة العامة للدراسات التكنولوجية,المعهد العالي للدراسات التكنولوجية بنابل,العلوم الصحيحة والتكنولوجيا
23566,الإجازة في تكنولوجيات الإعلامية,الإدارة العامة للدراسات التكنولوجية,المعهد العالي للدراسات التكنولوجية بقليبية,العلوم الصحيحة والتكنولوجيا
23570,الإجازة في الهندسـة الميكانـيـكـيـة,الإدارة العامة للدراسات التكنولوجية,المعهد العالي للدراسات التكنولوجية بقليبية,العلوم الصحيحة والتكنولوجيا
23597,الإجازة في هندسة الأساليب,الإدارة العامة للدراسات التكنولوجية,المعهد العالي للدراسات التكنولوجية بقليبية,العلوم الصحيحة والتكنولوجيا
24391,الإجازة في إدارة الأعمال,الإدارة العامة للدراسات التكنولوجية,المعهد العالى للدراسات التكنولوجية بزغوان,العلوم الإقتصادية وعلوم التصرف
24394,الاجازة في المحاسبة و المالية,الإدارة العامة للدراسات التكنولوجية,المعهد العالى للدراسات التكنولوجية بزغوان,العلوم الإقتصادية وعلوم التصرف
24477,الإجازة في التربية والتعليم,جامعة تونس,المعهد العالي للدراسات التطبيقية في الإنسانيات بزغوان,العلوم الإنسانية والإجتماعية والدينية والتربية
24566,الإجازة في تكنولوجيات الإعلامية,الإدارة العامة للدراسات التكنولوجية,المعهد العالى للدراسات التكنولوجية بزغوان,العلوم الصحيحة والتكنولوجيا
24597,الإجازة في هندسة الأساليب,الإدارة العامة للدراسات التكنولوجية,المعهد العالى للدراسات التكنولوجية بزغوان,العلوم الصحيحة والتكنولوجيا
30101,الإجازة في العربية,جامعة سوسة,كلية الآداب والعلوم الإنسانية بسوسة,الآداب واللغات والمراحل التحضيرية الأدبية
30102,الإجازة في الإنقليزية,جامعة سوسة,كلية الآداب والعلوم الإنسانية بسوسة,الآداب واللغات والمراحل التحضيرية الأدبية
30103,الإجازة في الفرنسية,جامعة سوسة,كلية الآداب والعلوم الإنسانية بسوسة,الآداب واللغات والمراحل التحضيرية الأدبية
30118,الإجازة في الأنتروبولوجيا,جامعة سوسة,كلية الآداب والعلوم الإنسانية بسوسة,العلوم الإنسانية والإجتماعية والدينية والتربية
30123,الإجازة في التاريخ,جامعة سوسة,كلية الآداب والعلوم الإنسانية بسوسة,العلوم الإنسانية والإجتماعية والدينية والتربية
30124,الإجازة في الجغرافيا,جامعة سوسة,كلية الآداب والعلوم الإنسانية بسوسة,العلوم الإنسانية والإجتماعية والدينية والتربية
30162,الإجازة في المحافظة على الممتلكات الثقافية و ترميمها,جامعة سوسة,المعهد العالى للفنون الجميلة بسوسة,الثقافة والفنون الجميلة والفنون والحرف
30201,الإجازة في الموسيقى و العلوم الموسيقية,جامعة سوسة,المعهد العالي للموسيقى بسوسة,الثقافة والفنون الجميلة والفنون والحرف
30202,الإجازة في الفنون التشكيلية,جامعة سوسة,المعهد العالى للفنون الجميلة بسوسة,الثقافة والفنون الجميلة والفنون والحرف
30207,الإجازة في تصميم الفضاء,جامعة سوسة,المعهد العالى للفنون الجميلة بسوسة,الثقافة والفنون الجميلة والفنون والحرف
30208,الاجازة في تصميم المنتوج,جامعة سوسة,المعهد العالى للفنون الجميلة بسوسة,الثقافة والفنون الجميلة والفنون والحرف
30209,الاجازة في تصميم الصورة,جامعة سوسة,المعهد العالى للفنون الجميلة بسوسة,الثقافة والفنون الجميلة والفنون والحرف
30246,الاجازة في هندسة وتقنيات الصوت,جامعة سوسة,المعهد العالي للموسيقى بسوسة,الثقافة والفنون الجميلة والفنون والحرف
30301,الإجازة في القانون,جامعة سوسة,كلية الحقوق والعلوم السياسية بسوسة,العلوم القانونية والعلوم السياسية
30311,الإجازة في إعلامية التـصـرف,جامعة سوسة,المعهد العالى للتصرف بسوسة,العلوم الصحيحة والتكنولوجيا
30312,الاجازة في العلوم الاقتصادية,جامعة سوسة,المعهد العالى للتصرف بسوسة,العلوم الإقتصادية وعلوم التصرف
30318,الإجازة في علوم التصرف,جامعة سوسة,المعهد العالى للتصرف بسوسة,العلوم الإقتصادية وعلوم التصرف
30391,الإجازة في إدارة الأعمال,الإدارة العامة للدراسات التكنولوجية,المعهد العالي للدراسات التكنولوجية بسوسة,العلوم الإقتصادية وعلوم التصرف
30501,الإجازة في الكيمياء,جامعة سوسة,المدرسة العليا للعلوم والتكنولوجيا بحمام سوسة,العلوم الصحيحة والتكنولوجيا
30504,الإجازة في الفيزياء و الطاقة,جامعة سوسة,المدرسة العليا للعلوم والتكنولوجيا بحمام سوسة,العلوم الصحيحة والتكنولوجيا
30507,الإجازة في الرياضيات,جامعة سوسة,المدرسة العليا للعلوم والتكنولوجيا بحمام سوسة,العلوم الصحيحة والتكنولوجيا
30519,مرحلة تحضيرية مندمجة-علمية,جامعة سوسة,المعهد العالي للعلوم التطبيقية و التكنولوجيا بسوسة,الهندسة المعمارية والمراحل التحضيرية العلمية
30522,مرحلة تحضيرية علمية,جامعة سوسة,المدرسة العليا للعلوم والتكنولوجيا بحمام سوسة,الهندسة المعمارية والمراحل التحضيرية العلمية
30523,الإجازة في علوم الإعلامية,جامعة سوسة,المعهد العالي للاعلامية و تكنولوجيات الاتصال بسوسة,العلوم الصحيحة والتكنولوجيا
30524,الإجازة في هندسة نظم الإعلامية,جامعة سوسة,المعهد العالي للاعلامية و تكنولوجيات الاتصال بسوسة,العلوم الصحيحة والتكنولوجيا
30566,الإجازة في تكنولوجيات الإعلامية,الإدارة العامة للدراسات التكنولوجية,المعهد العالي للدراسات التكنولوجية بسوسة,العلوم الصحيحة والتكنولوجيا
30568,الإجازة في الهندسـة المدنية,جامعة سوسة,المعهد العالي للعلوم التطبيقية و التكنولوجيا بسوسة,العلوم الصحيحة والتكنولوجيا
30570,الإجازة في الهندسـة الميكانـيـكـيـة,جامعة سوسة,المعهد العالي للعلوم التطبيقية و التكنولوجيا بسوسة,العلوم الصحيحة والتكنولوجيا
30571,الإجازة في الهندسـة الكهـربـائـيــة,الإدارة العامة للدراسات التكنولوجية,المعهد العالي للدراسات التكنولوجية بسوسة,العلوم الصحيحة والتكنولوجيا
30573,الإجازة في تكنولوجيات المعلومات والاتصالات,جامعة سوسة,المعهد العالي للاعلامية و تكنولوجيات الاتصال بسوسة,العلوم الصحيحة والتكنولوجيا
30580,الإجازة في تكنولوجيا وهندسة النقل,جامعة سوسة,المعهد العالي للنقل واللوجستية بسوسة,العلوم الصحيحة والتكنولوجيا
30603,الإجازة في الهندسة الطاقية,جامعة سوسة,المعهد العالي للعلوم التطبيقية و التكنولوجيا بسوسة,العلوم الصحيحة والتكنولوجيا
30629,الإجازة في الإلكترونيك والكهروتقنية والآلية,جامعة سوسة,المعهد العالي للعلوم التطبيقية و التكنولوجيا بسوسة,العلوم الصحيحة والتكنولوجيا
30671,الإجازة في الإلكتروميكانيك,جامعة سوسة,المعهد العالي للعلوم التطبيقية و التكنولوجيا بسوسة,العلوم الصحيحة والتكنولوجيا
30672,الإجازة في الهندسة اللوجستية,جامعة سوسة,المعهد العالي للنقل واللوجستية بسوسة,العلوم الصحيحة والتكنولوجيا
30673,الاجازة في علوم النقل,جامعة سوسة,المعهد العالي للنقل واللوجستية بسوسة,العلوم الصحيحة والتكنولوجيا
30700,الـطــب,جامعة سوسة,كلية الطب بسوسة,علوم الصحة والطب وطب الأسنان والصيدلة
30739,الإجازة في مبحث وتدريم القدم,جامعة سوسة,المدرسة العليا لعلوم و تقنيات الصحة بسوسة,علوم الصحة والطب وطب الأسنان والصيدلة
30750,الإجازة في أدواتية قاعة العمليات الجراحية,جامعة سوسة,المدرسة العليا لعلوم و تقنيات الصحة بسوسة,علوم الصحة والطب وطب الأسنان والصيدلة
30754,الإجازة في الرعـايـة الصحية للطفل,جامعة سوسة,المدرسة العليا لعلوم و تقنيات الصحة بسوسة,علوم الصحة والطب وطب الأسنان والصيدلة
30760,الإجازة في الرعاية الصحية الإستعجالية والانعاش,جامعة سوسة,المدرسة العليا لعلوم و تقنيات الصحة بسوسة,علوم الصحة والطب وطب الأسنان والصيدلة
30797,الإجازة في علوم التمريض-اناث,جامعة سوسة,المعهد العالي لعلوم التمريض بسوسة,علوم الصحة والطب وطب الأسنان والصيدلة
30844,الإجازة في العلوم الفلاحية,جامعة سوسة,المعهد العالي للعلوم الفلاحية بشط مريم,العلوم الفلاحية والبيوتكنولوجيا والبيئة
31312,الاجازة في العلوم الاقتصادية,جامعة سوسة,معهد الدراسات التجارية العليا بسوسة,العلوم الإقتصادية وعلوم التصرف
31318,الإجازة في علوم التصرف,جامعة سوسة,معهد الدراسات التجارية العليا بسوسة,العلوم الإقتصادية وعلوم التصرف
31523,الإجازة في علوم الإعلامية,جامعة سوسة,المعهد العالي للعلوم التطبيقية و التكنولوجيا بسوسة,العلوم الصحيحة والتكنولوجيا
31524,الإجازة في هندسة نظم الإعلامية,جامعة سوسة,المعهد العالي للعلوم التطبيقية و التكنولوجيا بسوسة,العلوم الصحيحة والتكنولوجيا
31570,الإجازة في الهندسـة الميكانـيـكـيـة,الإدارة العامة للدراسات التكنولوجية,المعهد العالي للدراسات التكنولوجية بسوسة,العلوم الصحيحة والتكنولوجيا
31629,الإجازة في الإلكترونيك والكهروتقنية والآلية,جامعة سوسة,المدرسة العليا للعلوم والتكنولوجيا بحمام سوسة,العلوم الصحيحة والتكنولوجيا
31797,الإجازة في علوم التمريض-ذكور,جامعة سوسة,المعهد العالي لعلوم التمريض بسوسة,علوم الصحة والطب وطب الأسنان والصيدلة
32312,الاجازة في العلوم الاقتصادية,جامعة سوسة,المعهد العالي للمالية و الجباية بسوسة,العلوم الإقتصادية وعلوم التصرف
32318,الإجازة في علوم التصرف,جامعة سوسة,المعهد العالي للمالية و الجباية بسوسة,العلوم الإقتصادية وعلوم التصرف
32523,الإجازة في علوم الإعلامية,جامعة سوسة,المدرسة العليا للعلوم والتكنولوجيا بحمام سوسة,العلوم الصحيحة والتكنولوجيا
33312,الاجازة في العلوم الاقتصادية,جامعة سوسة,كلية العلوم الإقتصادية والتصرف بسوسة,العلوم الإقتصادية وعلوم التصرف
33318,الإجازة في علوم التصرف,جامعة سوسة,كلية العلوم الإقتصادية والتصرف بسوسة,العلوم الإقتصادية وعلوم التصرف
34102,الإجازة في الإنقليزية,جامعة المنستير,المعهد العالي للغات بالمكنين,الآداب واللغات والمراحل التحضيرية الأدبية
34103,الإجازة في الفرنسية,جامعة المنستير,المعهد العالي للغات بالمكنين,الآداب واللغات والمراحل التحضيرية الأدبية
34104,الإجازة في الإسبانية,جامعة المنستير,المعهد العالي للغات بالمكنين,الآداب واللغات والمراحل التحضيرية الأدبية
34105,الإجازة في الإيطالية,جامعة المنستير,المعهد العالي للغات بالمكنين,الآداب واللغات والمراحل التحضيرية الأدبية
34106,الإجازة في الألمانية,جامعة المنستير,المعهد العالي للغات بالمكنين,الآداب واللغات والمراحل التحضيرية الأدبية
34147,الإجازة في الترجمة,جامعة المنستير,المعهد العالي للغات بالمكنين,الآداب واللغات والمراحل التحضيرية الأدبية
34208,الاجازة في تصميم المنتوج,جامعة المنستير,المعهد العالي للموضة بالمنستير,الثقافة والفنون الجميلة والفنون والحرف
34318,الإجازة في علوم التصرف,جامعة المنستير,المعهد العالي للموضة بالمنستير,العلوم الإقتصادية وعلوم التصرف
34394,الاجازة في المحاسبة و المالية,الإدارة العامة للدراسات التكنولوجية,المعهد العالي للدراسات التكنولوجية قصر هلال,العلوم الإقتصادية وعلوم التصرف
34396,الاجازة في التجارة والتوزيع,الإدارة العامة للدراسات التكنولوجية,المعهد العالي للدراسات التكنولوجية قصر هلال,العلوم الإقتصادية وعلوم التصرف
34501,الإجازة في الكيمياء,جامعة المنستير,كلية العلوم بالمنستير,العلوم الصحيحة والتكنولوجيا
34502,الإجازة في الفيزياء و الكيمياء,جامعة المنستير,كلية العلوم بالمنستير,العلوم الصحيحة والتكنولوجيا
34503,الإجازة في الفيزياء,جامعة المنستير,كلية العلوم بالمنستير,العلوم الصحيحة والتكنولوجيا
34504,الإجازة في الفيزياء و الطاقة,جامعة المنستير,كلية العلوم بالمنستير,العلوم الصحيحة والتكنولوجيا
34505,الاجازة في الرياضيات التطبيقية,جامعة المنستير,كلية العلوم بالمنستير,العلوم الصحيحة والتكنولوجيا
34507,الإجازة في الرياضيات,جامعة المنستير,كلية العلوم بالمنستير,العلوم الصحيحة والتكنولوجيا
34509,الإجازة في علوم الأحياء,جامعة المنستير,المعهد العالي للبيوتكنولوجيا بالمنستير,العلوم الصحيحة والتكنولوجيا
34518,مرحلة تحضيرية مندمجة,جامعة المنستير,المعهد العالي للإعلامية و الرياضيات بالمنستير,الهندسة المعمارية والمراحل التحضيرية العلمية
34522,مرحلة تحضيرية علمية,جامعة المنستير,كلية العلوم بالمنستير,الهندسة المعمارية والمراحل التحضيرية العلمية
34523,الإجازة في علوم الإعلامية,جامعة المنستير,كلية العلوم بالمنستير,العلوم الصحيحة والتكنولوجيا
34532,مرحلة تحضيرية - تكنولوجيا,جامعة المنستير,المعهد التحضيري للدراسات الهندسية بالمنستير,الهندسة المعمارية والمراحل التحضيرية العلمية
34546,الإجازة في البيوتكنولوجيا,جامعة المنستير,المعهد العالي للبيوتكنولوجيا بالمنستير,العلوم الفلاحية والبيوتكنولوجيا والبيئة
34550,الإجازة في القياسات والأدواتية,جامعة المنستير,كلية العلوم بالمنستير,العلوم الصحيحة والتكنولوجيا
34570,الإجازة في الهندسـة الميكانـيـكـيـة,الإدارة العامة للدراسات التكنولوجية,المعهد العالي للدراسات التكنولوجية قصر هلال,العلوم الصحيحة والتكنولوجيا
34574,الإجازة في هندسة النسيج,الإدارة العامة للدراسات التكنولوجية,المعهد العالي للدراسات التكنولوجية قصر هلال,العلوم الصحيحة والتكنولوجيا
34597,الإجازة في هندسة الأساليب,الإدارة العامة للدراسات التكنولوجية,المعهد العالي للدراسات التكنولوجية قصر هلال,العلوم الصحيحة والتكنولوجيا
34629,الإجازة في الإلكترونيك والكهروتقنية والآلية,جامعة المنستير,كلية العلوم بالمنستير,العلوم الصحيحة والتكنولوجيا
34700,الـطــب,جامعة المنستير,كلية الطب بالمنستير,علوم الصحة والطب وطب الأسنان والصيدلة
34701,الـصـيــــدلــــة,جامعة المنستير,كلية الصيدلة بالمنستير,علوم الصحة والطب وطب الأسنان والصيدلة
34702,طـــب الأسـنـــان,جامعة المنستير,كلية طب الأسنان بالمنستير,علوم الصحة والطب وطب الأسنان والصيدلة
34740,الإجازة في الـتـبـنـيـج والإنعاش,جامعة المنستير,المدرسة العليا لعلوم وتقنيات الصحة بالمنستير,علوم الصحة والطب وطب الأسنان والصيدلة
34741,الإجازة في التصوير الطبي والمداواة بالأشعة,جامعة المنستير,المدرسة العليا لعلوم وتقنيات الصحة بالمنستير,علوم الصحة والطب وطب الأسنان والصيدلة
34743,الإجازة في البيولوجيا الطبية,جامعة المنستير,المدرسة العليا لعلوم وتقنيات الصحة بالمنستير,علوم الصحة والطب وطب الأسنان والصيدلة
34744,الإجازة في العلاج الطبيعي,جامعة المنستير,المدرسة العليا لعلوم وتقنيات الصحة بالمنستير,علوم الصحة والطب وطب الأسنان والصيدلة
34752,الإجازة في بدائل الأسـنـان,جامعة المنستير,المدرسة العليا لعلوم وتقنيات الصحة بالمنستير,علوم الصحة والطب وطب الأسنان والصيدلة
34799,الإجازة في علوم الـتــولـيـــد - قابلة,جامعة المنستير,المدرسة العليا لعلوم وتقنيات الصحة بالمنستير,علوم الصحة والطب وطب الأسنان والصيدلة
35505,الاجازة في الرياضيات التطبيقية,جامعة المنستير,المعهد العالي للإعلامية و الرياضيات بالمنستير,العلوم الصحيحة والتكنولوجيا
35522,مرحلة تحضيرية علمية,جامعة المنستير,المعهد التحضيري للدراسات الهندسية بالمنستير,الهندسة المعمارية والمراحل التحضيرية العلمية
35523,الإجازة في علوم الإعلامية,جامعة المنستير,المعهد العالي للإعلامية و الرياضيات بالمنستير,العلوم الصحيحة والتكنولوجيا
35573,الإجازة في تكنولوجيات المعلومات والاتصالات,جامعة المنستير,المعهد العالي للإعلامية و الرياضيات بالمنستير,العلوم الصحيحة والتكنولوجيا
35574,الإجازة في هندسة النسيج,جامعة المنستير,المعهد العالي للموضة بالمنستير,العلوم الصحيحة والتكنولوجيا
35629,الإجازة في الإلكترونيك والكهروتقنية والآلية,جامعة المنستير,المعهد العالي للإعلامية و الرياضيات بالمنستير,العلوم الصحيحة والتكنولوجيا
36207,الإجازة في تصميم الفضاء,جامعة المنستير,المعهد العالي للفنون و الحرف بالمهدية,الثقافة والفنون الجميلة والفنون والحرف
36208,الاجازة في تصميم المنتوج,جامعة المنستير,المعهد العالي للفنون و الحرف بالمهدية,الثقافة والفنون الجميلة والفنون والحرف
36209,الاجازة في تصميم الصورة,جامعة المنستير,المعهد العالي للفنون و الحرف بالمهدية,الثقافة والفنون الجميلة والفنون والحرف
36311,الإجازة في إعلامية التـصـرف,جامعة المنستير,كلية العلوم الإقتصادية والتصرف بالمهدية,العلوم الصحيحة والتكنولوجيا
36312,الاجازة في العلوم الاقتصادية,جامعة المنستير,كلية العلوم الإقتصادية والتصرف بالمهدية,العلوم الإقتصادية وعلوم التصرف
36318,الإجازة في علوم التصرف,جامعة المنستير,كلية العلوم الإقتصادية والتصرف بالمهدية,العلوم الإقتصادية وعلوم التصرف
36322,المرحلة التحضيرية العلمية:رياضيات - فيزياء,جامعة المنستير,المعهد العالي للعلوم التطبيقية و التكنولوجيا بالمهدية,الهندسة المعمارية والمراحل التحضيرية العلمية
36391,الإجازة في إدارة الأعمال,الإدارة العامة للدراسات التكنولوجية,المعهد العالي للدراسات التكنولوجية بالمهدية,العلوم الإقتصادية وعلوم التصرف
36394,الاجازة في المحاسبة و المالية,الإدارة العامة للدراسات التكنولوجية,المعهد العالي للدراسات التكنولوجية بالمهدية,العلوم الإقتصادية وعلوم التصرف
36396,الاجازة في التجارة والتوزيع,الإدارة العامة للدراسات التكنولوجية,المعهد العالي للدراسات التكنولوجية بالمهدية,العلوم الإقتصادية وعلوم التصرف
36477,الإجازة في التربية والتعليم,جامعة المنستير,المعهد العالي للدراسات التطبيقية في الانسانيات بالمهدية,العلوم الإنسانية والإجتماعية والدينية والتربية
36523,الإجازة في علوم الإعلامية,جامعة المنستير,المعهد العالي للإعلامية بالمهدية,العلوم الصحيحة والتكنولوجيا
36524,الإجازة في هندسة نظم الإعلامية,جامعة المنستير,المعهد العالي للإعلامية بالمهدية,العلوم الصحيحة والتكنولوجيا
36546,الإجازة في البيوتكنولوجيا,جامعة المنستير,المعهد العالي للعلوم التطبيقية و التكنولوجيا بالمهدية,العلوم الفلاحية والبيوتكنولوجيا والبيئة
36551,الإجازة في فيزياء المواد,جامعة المنستير,المعهد العالي للعلوم التطبيقية و التكنولوجيا بالمهدية,العلوم الصحيحة والتكنولوجيا
36566,الإجازة في تكنولوجيات الإعلامية,الإدارة العامة للدراسات التكنولوجية,المعهد العالي للدراسات التكنولوجية بالمهدية,العلوم الصحيحة والتكنولوجيا
36570,الإجازة في الهندسـة الميكانـيـكـيـة,الإدارة العامة للدراسات التكنولوجية,المعهد العالي للدراسات التكنولوجية بالمهدية,العلوم الصحيحة والتكنولوجيا
36571,الإجازة في الهندسـة الكهـربـائـيــة,الإدارة العامة للدراسات التكنولوجية,المعهد العالي للدراسات التكنولوجية بالمهدية,العلوم الصحيحة والتكنولوجيا
36573,الإجازة في تكنولوجيات المعلومات والاتصالات,جامعة المنستير,المعهد العالي للعلوم التطبيقية و التكنولوجيا بالمهدية,العلوم الصحيحة والتكنولوجيا
36629,الإجازة في الإلكترونيك والكهروتقنية والآلية,جامعة المنستير,المعهد العالي للعلوم التطبيقية و التكنولوجيا بالمهدية,العلوم الصحيحة والتكنولوجيا
37311,الإجازة في إعلامية التـصـرف,جامعة المنستير,المعهد العالي للإعلامية بالمهدية,العلوم الصحيحة والتكنولوجيا
40101,الإجازة في العربية,جامعة صفاقس,كلية الآداب والعلوم الإنسانية بصفاقس,الآداب واللغات والمراحل التحضيرية الأدبية
40102,الإجازة في الإنقليزية,جامعة صفاقس,كلية الآداب والعلوم الإنسانية بصفاقس,الآداب واللغات والمراحل التحضيرية الأدبية
40103,الإجازة في الفرنسية,جامعة صفاقس,كلية الآداب والعلوم الإنسانية بصفاقس,الآداب واللغات والمراحل التحضيرية الأدبية
40104,الإجازة في الإسبانية,جامعة صفاقس,كلية الآداب والعلوم الإنسانية بصفاقس,الآداب واللغات والمراحل التحضيرية الأدبية
40105,الإجازة في الإيطالية,جامعة صفاقس,كلية الآداب والعلوم الإنسانية بصفاقس,الآداب واللغات والمراحل التحضيرية الأدبية
40120,الإجازة في عـلــم الاجتماع,جامعة صفاقس,كلية الآداب والعلوم الإنسانية بصفاقس,العلوم الإنسانية والإجتماعية والدينية والتربية
40122,الإجازة في الفـلســفــة,جامعة صفاقس,كلية الآداب والعلوم الإنسانية بصفاقس,العلوم الإنسانية والإجتماعية والدينية والتربية
40123,الإجازة في التاريخ,جامعة صفاقس,كلية الآداب والعلوم الإنسانية بصفاقس,العلوم الإنسانية والإجتماعية والدينية والتربية
40124,الإجازة في الجغرافيا,جامعة صفاقس,كلية الآداب والعلوم الإنسانية بصفاقس,العلوم الإنسانية والإجتماعية والدينية والتربية
40147,الإجازة في الترجمة,جامعة صفاقس,كلية الآداب والعلوم الإنسانية بصفاقس,الآداب واللغات والمراحل التحضيرية الأدبية
40161,الإجازة في حفظ الممتلكات الثقافية,جامعة صفاقس,كلية الآداب والعلوم الإنسانية بصفاقس,العلوم الإنسانية والإجتماعية والدينية والتربية
40201,الإجازة في الموسيقى و العلوم الموسيقية,جامعة صفاقس,المعهد العالي للموسيقى بصفاقس,الثقافة والفنون الجميلة والفنون والحرف
40202,الإجازة في الفنون التشكيلية,جامعة صفاقس,المعهد العالى للفنون و الحرف بصفاقس,الثقافة والفنون الجميلة والفنون والحرف
40207,الإجازة في تصميم الفضاء,جامعة صفاقس,المعهد العالى للفنون و الحرف بصفاقس,الثقافة والفنون الجميلة والفنون والحرف
40208,الاجازة في تصميم المنتوج,جامعة صفاقس,المعهد العالى للفنون و الحرف بصفاقس,الثقافة والفنون الجميلة والفنون والحرف
40209,الاجازة في تصميم الصورة,جامعة صفاقس,المعهد العالى للفنون و الحرف بصفاقس,الثقافة والفنون الجميلة والفنون والحرف
40247,الإجازة في هندسة الصوت والتكنولوجيات الحديثة,جامعة صفاقس,المعهد العالي للموسيقى بصفاقس,الثقافة والفنون الجميلة والفنون والحرف
40265,الإجازة في السينما والسمعي البصري,جامعة صفاقس,المعهد العالى للفنون و الحرف بصفاقس,الثقافة والفنون الجميلة والفنون والحرف
40301,الإجازة في القانون,جامعة صفاقس,كلية الحقوق بصفاقس,العلوم القانونية والعلوم السياسية
40311,الإجازة في إعلامية التـصـرف,جامعة صفاقس,كلية العلوم الإقتصادية والتصرف بصفاقس,العلوم الصحيحة والتكنولوجيا
40312,الاجازة في العلوم الاقتصادية,جامعة صفاقس,كلية العلوم الإقتصادية والتصرف بصفاقس,العلوم الإقتصادية وعلوم التصرف
40318,الإجازة في علوم التصرف,جامعة صفاقس,كلية العلوم الإقتصادية والتصرف بصفاقس,العلوم الإقتصادية وعلوم التصرف
40391,الإجازة في إدارة الأعمال,الإدارة العامة للدراسات التكنولوجية,المعهد العالي للدراسات التكنولوجية بصفاقس,العلوم الإقتصادية وعلوم التصرف
40394,الاجازة في المحاسبة و المالية,الإدارة العامة للدراسات التكنولوجية,المعهد العالي للدراسات التكنولوجية بصفاقس,العلوم الإقتصادية وعلوم التصرف
40396,الاجازة في التجارة والتوزيع,الإدارة العامة للدراسات التكنولوجية,المعهد العالي للدراسات التكنولوجية بصفاقس,العلوم الإقتصادية وعلوم التصرف
40450,الإجازة في علوم وتقنيات الأنشطة البدنية والرياضة,جامعة صفاقس,المعهد العالي للرياضة و التربية البدنية بصفاقس,السياحة والتنشيط والرياضة والتربية البدنية
40501,الإجازة في الكيمياء,جامعة صفاقس,كلية العلوم بصفاقس,العلوم الصحيحة والتكنولوجيا
40502,الإجازة في الفيزياء و الكيمياء,جامعة صفاقس,كلية العلوم بصفاقس,العلوم الصحيحة والتكنولوجيا
40503,الإجازة في الفيزياء,جامعة صفاقس,كلية العلوم بصفاقس,العلوم الصحيحة والتكنولوجيا
40504,الإجازة في الفيزياء و الطاقة,جامعة صفاقس,كلية العلوم بصفاقس,العلوم الصحيحة والتكنولوجيا
40505,الاجازة في الرياضيات التطبيقية,جامعة صفاقس,كلية العلوم بصفاقس,العلوم الصحيحة والتكنولوجيا
40507,الإجازة في الرياضيات,جامعة صفاقس,كلية العلوم بصفاقس,العلوم الصحيحة والتكنولوجيا
40509,الإجازة في علوم الأحياء,جامعة صفاقس,كلية العلوم بصفاقس,العلوم الصحيحة والتكنولوجيا
40510,الإجازة في علوم الأرض,جامعة صفاقس,كلية العلوم بصفاقس,العلوم الصحيحة والتكنولوجيا
40512,الإجازة في علوم الأحياء و المحيط,جامعة صفاقس,كلية العلوم بصفاقس,العلوم الصحيحة والتكنولوجيا
40513,الإجازة في علوم الحياة و الأرض,جامعة صفاقس,كلية العلوم بصفاقس,العلوم الصحيحة والتكنولوجيا
40518,مرحلة تحضيرية مندمجة,جامعة صفاقس,كلية العلوم بصفاقس,الهندسة المعمارية والمراحل التحضيرية العلمية
40522,مرحلة تحضيرية علمية,جامعة صفاقس,كلية العلوم بصفاقس,الهندسة المعمارية والمراحل التحضيرية العلمية
40523,الإجازة في علوم الإعلامية,جامعة صفاقس,كلية العلوم بصفاقس,العلوم الصحيحة والتكنولوجيا
40524,الإجازة في هندسة نظم الإعلامية,جامعة صفاقس,كلية العلوم بصفاقس,العلوم الصحيحة والتكنولوجيا
40532,مرحلة تحضيرية - تكنولوجيا,جامعة صفاقس,المعهد التحضيري للدراسات الهندسية بصفاقس,الهندسة المعمارية والمراحل التحضيرية العلمية
40546,الإجازة في البيوتكنولوجيا,جامعة صفاقس,كلية العلوم بصفاقس,العلوم الفلاحية والبيوتكنولوجيا والبيئة
40550,الإجازة في القياسات والأدواتية,جامعة صفاقس,المعهد العالي للبيوتكنولوجيا بصفاقس,العلوم الصحيحة والتكنولوجيا
40566,الإجازة في تكنولوجيات الإعلامية,الإدارة العامة للدراسات التكنولوجية,المعهد العالي للدراسات التكنولوجية بصفاقس,العلوم الصحيحة والتكنولوجيا
40568,الإجازة في الهندسـة المدنية,الإدارة العامة للدراسات التكنولوجية,المعهد العالي للدراسات التكنولوجية بصفاقس,العلوم الصحيحة والتكنولوجيا
40570,الإجازة في الهندسـة الميكانـيـكـيـة,جامعة صفاقس,المعهد العالي للتصرف الصناعي بصفاقس,العلوم الصحيحة والتكنولوجيا
40573,الإجازة في تكنولوجيات المعلومات والاتصالات,جامعة صفاقس,المدرسة الوطنية للإلكترونيك والإتصالات بصفاقس,العلوم الصحيحة والتكنولوجيا
40576,الاجازة في هندسة الأساليب الصناعية,جامعة صفاقس,المعهد العالي للبيوتكنولوجيا بصفاقس,العلوم الصحيحة والتكنولوجيا
40577,الاجازة في الهندسة الصناعية,جامعة صفاقس,المعهد العالي للتصرف الصناعي بصفاقس,العلوم الصحيحة والتكنولوجيا
40597,الإجازة في هندسة الأساليب,الإدارة العامة للدراسات التكنولوجية,المعهد العالي للدراسات التكنولوجية بصفاقس,العلوم الصحيحة والتكنولوجيا
40622,الإجازة في الفنون و الوسائط,جامعة صفاقس,المعهد العالى للفنون و الحرف بصفاقس,الثقافة والفنون الجميلة والفنون والحرف
40629,الإجازة في الإلكترونيك والكهروتقنية والآلية,جامعة صفاقس,كلية العلوم بصفاقس,العلوم الصحيحة والتكنولوجيا
40672,الإجازة في الهندسة اللوجستية,جامعة صفاقس,المعهد العالي للتصرف الصناعي بصفاقس,العلوم الصحيحة والتكنولوجيا
40673,الاجازة في علوم النقل,جامعة صفاقس,المعهد العالي للتصرف الصناعي بصفاقس,العلوم الصحيحة والتكنولوجيا
40700,الـطــب,جامعة صفاقس,كلية الطب بصفاقس,علوم الصحة والطب وطب الأسنان والصيدلة
40740,الإجازة في الـتـبـنـيـج والإنعاش,جامعة صفاقس,المدرسة العليا لعلوم وتقنيات الصحة بصفاقس,علوم الصحة والطب وطب الأسنان والصيدلة
40741,الإجازة في التصوير الطبي والمداواة بالأشعة,جامعة صفاقس,المدرسة العليا لعلوم وتقنيات الصحة بصفاقس,علوم الصحة والطب وطب الأسنان والصيدلة
40743,الإجازة في البيولوجيا الطبية,جامعة صفاقس,المدرسة العليا لعلوم وتقنيات الصحة بصفاقس,علوم الصحة والطب وطب الأسنان والصيدلة
40744,الإجازة في العلاج الطبيعي,جامعة صفاقس,المدرسة العليا لعلوم وتقنيات الصحة بصفاقس,علوم الصحة والطب وطب الأسنان والصيدلة
40749,الإجازة في المبصريات و النظارات الطبية,جامعة صفاقس,المدرسة العليا لعلوم وتقنيات الصحة بصفاقس,علوم الصحة والطب وطب الأسنان والصيدلة
40750,الإجازة في أدواتية قاعة العمليات الجراحية,جامعة صفاقس,المدرسة العليا لعلوم وتقنيات الصحة بصفاقس,علوم الصحة والطب وطب الأسنان والصيدلة
40759,الإجازة في الهندسة البيوطبية,جامعة صفاقس,المعهد العالي للبيوتكنولوجيا بصفاقس,علوم الصحة والطب وطب الأسنان والصيدلة
40797,الإجازة في علوم التمريض-اناث,جامعة صفاقس,المعهد العالي لعلوم التمريض بصفاقس,علوم الصحة والطب وطب الأسنان والصيدلة
40799,الإجازة في علوم الـتــولـيـــد - قابلة,جامعة صفاقس,المدرسة العليا لعلوم وتقنيات الصحة بصفاقس,علوم الصحة والطب وطب الأسنان والصيدلة
40832,مرحلة تحضيرية: بيولوجيا - جيولوجيا,جامعة صفاقس,كلية العلوم بصفاقس,الهندسة المعمارية والمراحل التحضيرية العلمية
40841,الإجازة في علوم وتقنيات الأغذية,جامعة صفاقس,المعهد العالي للبيوتكنولوجيا بصفاقس,العلوم الفلاحية والبيوتكنولوجيا والبيئة
41311,الإجازة في إعلامية التـصـرف,جامعة صفاقس,المدرسة العليا للتجارة بصفاقس,العلوم الصحيحة والتكنولوجيا
41312,الاجازة في العلوم الاقتصادية,جامعة صفاقس,المدرسة العليا للتجارة بصفاقس,العلوم الإقتصادية وعلوم التصرف
41318,الإجازة في علوم التصرف,جامعة صفاقس,المدرسة العليا للتجارة بصفاقس,العلوم الإقتصادية وعلوم التصرف
41518,مرحلة تحضيرية مندمجة,جامعة صفاقس,المعهد العالي للاعلامية و الملتميديا بصفاقس,الهندسة المعمارية والمراحل التحضيرية العلمية
41522,مرحلة تحضيرية علمية,جامعة صفاقس,المعهد التحضيري للدراسات الهندسية بصفاقس,الهندسة المعمارية والمراحل التحضيرية العلمية
41523,الإجازة في علوم الإعلامية,جامعة صفاقس,المعهد العالي للاعلامية و الملتميديا بصفاقس,العلوم الصحيحة والتكنولوجيا
41546,الإجازة في البيوتكنولوجيا,جامعة صفاقس,المعهد العالي للبيوتكنولوجيا بصفاقس,العلوم الفلاحية والبيوتكنولوجيا والبيئة
41570,الإجازة في الهندسـة الميكانـيـكـيـة,الإدارة العامة للدراسات التكنولوجية,المعهد العالي للدراسات التكنولوجية بصفاقس,العلوم الصحيحة والتكنولوجيا
41629,الإجازة في الإلكترونيك والكهروتقنية والآلية,جامعة صفاقس,المعهد العالي للتصرف الصناعي بصفاقس,العلوم الصحيحة والتكنولوجيا
41797,الإجازة في علوم التمريض-ذكور,جامعة صفاقس,المعهد العالي لعلوم التمريض بصفاقس,علوم الصحة والطب وطب الأسنان والصيدلة
41832,مرحلة تحضيرية: بيولوجيا - جيولوجيا,جامعة صفاقس,المعهد التحضيري للدراسات الهندسية بصفاقس,الهندسة المعمارية والمراحل التحضيرية العلمية
42311,الإجازة في إعلامية التـصـرف,جامعة صفاقس,المعهد العالي لادارة الاعمال بصفاقس,العلوم الصحيحة والتكنولوجيا
42312,الاجازة في العلوم الاقتصادية,جامعة صفاقس,المعهد العالي لادارة الاعمال بصفاقس,العلوم الإقتصادية وعلوم التصرف
42318,الإجازة في علوم التصرف,جامعة صفاقس,المعهد العالي لادارة الاعمال بصفاقس,العلوم الإقتصادية وعلوم التصرف
43312,الاجازة في العلوم الاقتصادية,جامعة صفاقس,معهد الدراسات العليا التجارية بصفاقس,العلوم الإقتصادية وعلوم التصرف
43318,الإجازة في علوم التصرف,جامعة صفاقس,معهد الدراسات العليا التجارية بصفاقس,العلوم الإقتصادية وعلوم التصرف
44311,الإجازة في إعلامية التـصـرف,جامعة صفاقس,المعهد العالي للتصرف الصناعي بصفاقس,العلوم الصحيحة والتكنولوجيا
50101,الإجازة في العربية,جامعة قابس,المعهد العالي للغات بقابس,الآداب واللغات والمراحل التحضيرية الأدبية
50102,الإجازة في الإنقليزية,جامعة قابس,المعهد العالي للغات بقابس,الآداب واللغات والمراحل التحضيرية الأدبية
50103,الإجازة في الفرنسية,جامعة قابس,المعهد العالي للغات بقابس,الآداب واللغات والمراحل التحضيرية الأدبية
50104,الإجازة في الإسبانية,جامعة قابس,المعهد العالي للغات بقابس,الآداب واللغات والمراحل التحضيرية الأدبية
50105,الإجازة في الإيطالية,جامعة قابس,المعهد العالي للغات بقابس,الآداب واللغات والمراحل التحضيرية الأدبية
50106,الإجازة في الألمانية,جامعة قابس,المعهد العالي للغات بقابس,الآداب واللغات والمراحل التحضيرية الأدبية
50162,الإجازة في المحافظة على الممتلكات الثقافية و ترميمها,جامعة قابس,المعهد العالي للفنون و الحرف بقابس,الثقافة والفنون الجميلة والفنون والحرف
50201,الإجازة في الموسيقى و العلوم الموسيقية,جامعة قابس,المعهد العالي للفنون و الحرف بقابس,الثقافة والفنون الجميلة والفنون والحرف
50202,الإجازة في الفنون التشكيلية,جامعة قابس,المعهد العالي للفنون و الحرف بقابس,الثقافة والفنون الجميلة والفنون والحرف
50207,الإجازة في تصميم الفضاء,جامعة قابس,المعهد العالي للفنون و الحرف بقابس,الثقافة والفنون الجميلة والفنون والحرف
50209,الاجازة في تصميم الصورة,جامعة قابس,المعهد العالي للفنون و الحرف بقابس,الثقافة والفنون الجميلة والفنون والحرف
50301,الإجازة في القانون,جامعة قابس,المعهد العالي للدراسات القانونية بقابس,العلوم القانونية والعلوم السياسية
50311,الإجازة في إعلامية التـصـرف,جامعة قابس,المعهد العالي للتصرف بقابس,العلوم الصحيحة والتكنولوجيا
50312,الاجازة في العلوم الاقتصادية,جامعة قابس,المعهد العالي للتصرف بقابس,العلوم الإقتصادية وعلوم التصرف
50318,الإجازة في علوم التصرف,جامعة قابس,المعهد العالي للتصرف بقابس,العلوم الإقتصادية وعلوم التصرف
50394,الاجازة في المحاسبة و المالية,الإدارة العامة للدراسات التكنولوجية,المعهد العالي للدراسات التكنولوجية بقابس,العلوم الإقتصادية وعلوم التصرف
50477,الإجازة في التربية والتعليم,جامعة قابس,المعهد العالي للغات بقابس,العلوم الإنسانية والإجتماعية والدينية والتربية
50501,الإجازة في الكيمياء,جامعة قابس,كلية العلوم بقابس,العلوم الصحيحة والتكنولوجيا
50503,الإجازة في الفيزياء,جامعة قابس,كلية العلوم بقابس,العلوم الصحيحة والتكنولوجيا
50507,الإجازة في الرياضيات,جامعة قابس,كلية العلوم بقابس,العلوم الصحيحة والتكنولوجيا
50509,الإجازة في علوم الأحياء,جامعة قابس,كلية العلوم بقابس,العلوم الصحيحة والتكنولوجيا
50510,الإجازة في علوم الأرض,جامعة قابس,كلية العلوم بقابس,العلوم الصحيحة والتكنولوجيا
50513,الإجازة في علوم الحياة و الأرض,جامعة قابس,كلية العلوم بقابس,العلوم الصحيحة والتكنولوجيا
50518,مرحلة تحضيرية مندمجة,جامعة قابس,المعهد العالي للإعلامية و الملتيميديا بقابس,الهندسة المعمارية والمراحل التحضيرية العلمية
50522,مرحلة تحضيرية علمية,جامعة قابس,المعهد التحضيري للدراسات الهندسية بقابس,الهندسة المعمارية والمراحل التحضيرية العلمية
50523,الإجازة في علوم الإعلامية,جامعة قابس,كلية العلوم بقابس,العلوم الصحيحة والتكنولوجيا
50524,الإجازة في هندسة نظم الإعلامية,جامعة قابس,كلية العلوم بقابس,العلوم الصحيحة والتكنولوجيا
50532,مرحلة تحضيرية - تكنولوجيا,جامعة قابس,المعهد التحضيري للدراسات الهندسية بقابس,الهندسة المعمارية والمراحل التحضيرية العلمية
50546,الإجازة في البيوتكنولوجيا,جامعة قابس,كلية العلوم بقابس,العلوم الفلاحية والبيوتكنولوجيا والبيئة
50550,الإجازة في القياسات والأدواتية,جامعة قابس,كلية العلوم بقابس,العلوم الصحيحة والتكنولوجيا
50568,الإجازة في الهندسـة المدنية,جامعة قابس,المعهد العالي للعلوم التطبيقية و التكنولوجيا بقابس,العلوم الصحيحة والتكنولوجيا
50570,الإجازة في الهندسـة الميكانـيـكـيـة,جامعة قابس,المعهد العالي للعلوم التطبيقية و التكنولوجيا بقابس,العلوم الصحيحة والتكنولوجيا
50571,الإجازة في الهندسـة الكهـربـائـيــة,الإدارة العامة للدراسات التكنولوجية,المعهد العالي للدراسات التكنولوجية بقابس,العلوم الصحيحة والتكنولوجيا
50572,الإجازة في علوم وتكنولوجيات المعلومات والاتصالات,الإدارة العامة للدراسات التكنولوجية,المعهد العالي للدراسات التكنولوجية بقابس,العلوم الصحيحة والتكنولوجيا
50573,الإجازة في تكنولوجيات المعلومات والاتصالات,جامعة قابس,المعهد العالي للإعلامية و الملتيميديا بقابس,العلوم الصحيحة والتكنولوجيا
50576,الاجازة في هندسة الأساليب الصناعية,جامعة قابس,المعهد العالي للعلوم التطبيقية و التكنولوجيا بقابس,العلوم الصحيحة والتكنولوجيا
50597,الإجازة في هندسة الأساليب,الإدارة العامة للدراسات التكنولوجية,المعهد العالي للدراسات التكنولوجية بقابس,العلوم الصحيحة والتكنولوجيا
50603,الإجازة في الهندسة الطاقية,جامعة قابس,المعهد العالي للعلوم التطبيقية و التكنولوجيا بقابس,العلوم الصحيحة والتكنولوجيا
50622,الإجازة في الفنون و الوسائط,جامعة قابس,المعهد العالي للإعلامية و الملتيميديا بقابس,الثقافة والفنون الجميلة والفنون والحرف
50629,الإجازة في الإلكترونيك والكهروتقنية والآلية,جامعة قابس,كلية العلوم بقابس,العلوم الصحيحة والتكنولوجيا
50797,الإجازة في علوم التمريض-اناث,جامعة قابس,المعهد العالي لعلوم التمريض بقابس,علوم الصحة والطب وطب الأسنان والصيدلة
50832,مرحلة تحضيرية: بيولوجيا - جيولوجيا,جامعة قابس,المعهد التحضيري للدراسات الهندسية بقابس,الهندسة المعمارية والمراحل التحضيرية العلمية
51510,الإجازة في علوم الأرض,جامعة قابس,المعهد العالي لعلوم و تقنيات المياه بقابس,العلوم الصحيحة والتكنولوجيا
51523,الإجازة في علوم الإعلامية,جامعة قابس,المعهد العالي للإعلامية و الملتيميديا بقابس,العلوم الصحيحة والتكنولوجيا
51524,الإجازة في هندسة نظم الإعلامية,جامعة قابس,المعهد العالي للإعلامية و الملتيميديا بقابس,العلوم الصحيحة والتكنولوجيا
51570,الإجازة في الهندسـة الميكانـيـكـيـة,جامعة قابس,المعهد العالي لعلوم و تقنيات المياه بقابس,العلوم الصحيحة والتكنولوجيا
51629,الإجازة في الإلكترونيك والكهروتقنية والآلية,جامعة قابس,المعهد العالي للعلوم التطبيقية و التكنولوجيا بقابس,العلوم الصحيحة والتكنولوجيا
51797,الإجازة في علوم التمريض-ذكور,جامعة قابس,المعهد العالي لعلوم التمريض بقابس,علوم الصحة والطب وطب الأسنان والصيدلة
52570,الإجازة في الهندسـة الميكانـيـكـيـة,جامعة قابس,المعهد العالي للمنظومات الصناعية بقابس,العلوم الصحيحة والتكنولوجيا
52629,الإجازة في الإلكترونيك والكهروتقنية والآلية,جامعة قابس,المعهد العالي للمنظومات الصناعية بقابس,العلوم الصحيحة والتكنولوجيا
53570,الإجازة في الهندسـة الميكانـيـكـيـة,الإدارة العامة للدراسات التكنولوجية,المعهد العالي للدراسات التكنولوجية بقابس,العلوم الصحيحة والتكنولوجيا
54101,الإجازة في العربية,جامعة قابس,المعهد العالي للعلوم الإنسانية بمدنين,الآداب واللغات والمراحل التحضيرية الأدبية
54102,الإجازة في الإنقليزية,جامعة قابس,المعهد العالي للعلوم الإنسانية بمدنين,الآداب واللغات والمراحل التحضيرية الأدبية
54103,الإجازة في الفرنسية,جامعة قابس,المعهد العالي للعلوم الإنسانية بمدنين,الآداب واللغات والمراحل التحضيرية الأدبية
54106,الإجازة في الألمانية,جامعة قابس,المعهد العالي للعلوم الإنسانية بمدنين,الآداب واللغات والمراحل التحضيرية الأدبية
54391,الإجازة في إدارة الأعمال,الإدارة العامة للدراسات التكنولوجية,المعهد العالي للدراسات التكنولوجية بجربة,العلوم الإقتصادية وعلوم التصرف
54396,الاجازة في التجارة والتوزيع,الإدارة العامة للدراسات التكنولوجية,المعهد العالي للدراسات التكنولوجية بجربة,العلوم الإقتصادية وعلوم التصرف
54477,الإجازة في التربية والتعليم,جامعة قابس,المعهد العالي للعلوم الإنسانية بمدنين,العلوم الإنسانية والإجتماعية والدينية والتربية
54512,الإجازة في علوم الأحياء و المحيط,جامعة قابس,المعهد العالي للبيولوجيا التطبيقية بمدنين,العلوم الصحيحة والتكنولوجيا
54523,الإجازة في علوم الإعلامية,جامعة قابس,المعهد العالي للإعلامية بمدنين,العلوم الصحيحة والتكنولوجيا
54546,الإجازة في البيوتكنولوجيا,جامعة قابس,المعهد العالي للبيولوجيا التطبيقية بمدنين,العلوم الفلاحية والبيوتكنولوجيا والبيئة
54566,الإجازة في تكنولوجيات الإعلامية,الإدارة العامة للدراسات التكنولوجية,المعهد العالي للدراسات التكنولوجية بجربة,العلوم الصحيحة والتكنولوجيا
54570,الإجازة في الهندسـة الميكانـيـكـيـة,الإدارة العامة للدراسات التكنولوجية,المعهد العالي للدراسات التكنولوجية بجربة,العلوم الصحيحة والتكنولوجيا
54571,الإجازة في الهندسـة الكهـربـائـيــة,الإدارة العامة للدراسات التكنولوجية,المعهد العالي للدراسات التكنولوجية بجربة,العلوم الصحيحة والتكنولوجيا
54573,الإجازة في تكنولوجيات المعلومات والاتصالات,جامعة قابس,المعهد العالي للإعلامية بمدنين,العلوم الصحيحة والتكنولوجيا
55391,الإجازة في إدارة الأعمال,الإدارة العامة للدراسات التكنولوجية,المعهد العالي للدراسات التكنولوجية بمدنين,العلوم الإقتصادية وعلوم التصرف
55394,الاجازة في المحاسبة و المالية,الإدارة العامة للدراسات التكنولوجية,المعهد العالي للدراسات التكنولوجية بمدنين,العلوم الإقتصادية وعلوم التصرف
55566,الإجازة في تكنولوجيات الإعلامية,الإدارة العامة للدراسات التكنولوجية,المعهد العالي للدراسات التكنولوجية بمدنين,العلوم الصحيحة والتكنولوجيا
55568,الإجازة في الهندسـة المدنية,الإدارة العامة للدراسات التكنولوجية,المعهد العالي للدراسات التكنولوجية بمدنين,العلوم الصحيحة والتكنولوجيا
55570,الإجازة في الهندسـة الميكانـيـكـيـة,الإدارة العامة للدراسات التكنولوجية,المعهد العالي للدراسات التكنولوجية بمدنين,العلوم الصحيحة والتكنولوجيا
56118,الإجازة في الأنتروبولوجيا,جامعة قابس,المعهد العالي للفنون و الحرف بتطاوين,العلوم الإنسانية والإجتماعية والدينية والتربية
56202,الإجازة في الفنون التشكيلية,جامعة قابس,المعهد العالي للفنون و الحرف بتطاوين,الثقافة والفنون الجميلة والفنون والحرف
56207,الإجازة في تصميم الفضاء,جامعة قابس,المعهد العالي للفنون و الحرف بتطاوين,الثقافة والفنون الجميلة والفنون والحرف
56209,الاجازة في تصميم الصورة,جامعة قابس,المعهد العالي للفنون و الحرف بتطاوين,الثقافة والفنون الجميلة والفنون والحرف
56391,الإجازة في إدارة الأعمال,الإدارة العامة للدراسات التكنولوجية,المعهد العالى للدراسات التكنولوجية بقبلي,العلوم الإقتصادية وعلوم التصرف
56477,الإجازة في التربية والتعليم,جامعة قابس,المعهد العالي للفنون و الحرف بتطاوين,العلوم الإنسانية والإجتماعية والدينية والتربية
56566,الإجازة في تكنولوجيات الإعلامية,الإدارة العامة للدراسات التكنولوجية,المعهد العالى للدراسات التكنولوجية بقبلي,العلوم الصحيحة والتكنولوجيا
56570,الإجازة في الهندسـة الميكانـيـكـيـة,الإدارة العامة للدراسات التكنولوجية,المعهد العالى للدراسات التكنولوجية بقبلي,العلوم الصحيحة والتكنولوجيا
56571,الإجازة في الهندسـة الكهـربـائـيــة,الإدارة العامة للدراسات التكنولوجية,المعهد العالى للدراسات التكنولوجية بقبلي,العلوم الصحيحة والتكنولوجيا
57394,الاجازة في المحاسبة و المالية,الإدارة العامة للدراسات التكنولوجية,المعهد العالي للدراسات التكنولوجية بتطاوين,العلوم الإقتصادية وعلوم التصرف
57566,الإجازة في تكنولوجيات الإعلامية,الإدارة العامة للدراسات التكنولوجية,المعهد العالي للدراسات التكنولوجية بتطاوين,العلوم الصحيحة والتكنولوجيا
57570,الإجازة في الهندسـة الميكانـيـكـيـة,الإدارة العامة للدراسات التكنولوجية,المعهد العالي للدراسات التكنولوجية بتطاوين,العلوم الصحيحة والتكنولوجيا
57604,الإجازة في الهندسة الحرارية والطاقات المتجددة,الإدارة العامة للدراسات التكنولوجية,المعهد العالي للدراسات التكنولوجية بتطاوين,العلوم الصحيحة والتكنولوجيا
60101,الإجازة في العربية,جامعة قفصة,المعهد العالي للدراسات التطبيقية في الانسانيات بقفصة,الآداب واللغات والمراحل التحضيرية الأدبية
60102,الإجازة في الإنقليزية,جامعة قفصة,المعهد العالي للدراسات التطبيقية في الانسانيات بقفصة,الآداب واللغات والمراحل التحضيرية الأدبية
60103,الإجازة في الفرنسية,جامعة قفصة,المعهد العالي للدراسات التطبيقية في الانسانيات بقفصة,الآداب واللغات والمراحل التحضيرية الأدبية
60120,الإجازة في عـلــم الاجتماع,جامعة قفصة,المعهد العالي للدراسات التطبيقية في الانسانيات بقفصة,العلوم الإنسانية والإجتماعية والدينية والتربية
60168,الاجازة في علوم الجيوماتيك والتطبيقات,جامعة قفصة,كلية العلوم بقفصة,العلوم الصحيحة والتكنولوجيا
60201,الإجازة في الموسيقى و العلوم الموسيقية,جامعة قفصة,المعهد العالي للفنون و الحرف بقفصة,الثقافة والفنون الجميلة والفنون والحرف
60207,الإجازة في تصميم الفضاء,جامعة قفصة,المعهد العالي للفنون و الحرف بقفصة,الثقافة والفنون الجميلة والفنون والحرف
60208,الاجازة في تصميم المنتوج,جامعة قفصة,المعهد العالي للفنون و الحرف بقفصة,الثقافة والفنون الجميلة والفنون والحرف
60209,الاجازة في تصميم الصورة,جامعة قفصة,المعهد العالي للفنون و الحرف بقفصة,الثقافة والفنون الجميلة والفنون والحرف
60311,الإجازة في إعلامية التـصـرف,جامعة قفصة,المعهد العالي لإدارة المؤسسات بقفصة,العلوم الصحيحة والتكنولوجيا
60312,الاجازة في العلوم الاقتصادية,جامعة قفصة,المعهد العالي لإدارة المؤسسات بقفصة,العلوم الإقتصادية وعلوم التصرف
60318,الإجازة في علوم التصرف,جامعة قفصة,المعهد العالي لإدارة المؤسسات بقفصة,العلوم الإقتصادية وعلوم التصرف
60391,الإجازة في إدارة الأعمال,الإدارة العامة للدراسات التكنولوجية,المعهد العالي للدراسات التكنولوجية بقفصة,العلوم الإقتصادية وعلوم التصرف
60450,الإجازة في علوم وتقنيات الأنشطة البدنية والرياضة,جامعة قفصة,المعهد العالي للرياضة و التربية البدنية بقفصة,السياحة والتنشيط والرياضة والتربية البدنية
60477,الإجازة في التربية والتعليم,جامعة قفصة,المعهد العالي للعلوم الاجتماعية والتربية بقفصة,العلوم الإنسانية والإجتماعية والدينية والتربية
60501,الإجازة في الكيمياء,جامعة قفصة,كلية العلوم بقفصة,العلوم الصحيحة والتكنولوجيا
60503,الإجازة في الفيزياء,جامعة قفصة,كلية العلوم بقفصة,العلوم الصحيحة والتكنولوجيا
60504,الإجازة في الفيزياء و الطاقة,جامعة قفصة,كلية العلوم بقفصة,العلوم الصحيحة والتكنولوجيا
60505,الاجازة في الرياضيات التطبيقية,جامعة قفصة,كلية العلوم بقفصة,العلوم الصحيحة والتكنولوجيا
60507,الإجازة في الرياضيات,جامعة قفصة,كلية العلوم بقفصة,العلوم الصحيحة والتكنولوجيا
60509,الإجازة في علوم الأحياء,جامعة قفصة,كلية العلوم بقفصة,العلوم الصحيحة والتكنولوجيا
60510,الإجازة في علوم الأرض,جامعة قفصة,كلية العلوم بقفصة,العلوم الصحيحة والتكنولوجيا
60513,الإجازة في علوم الحياة و الأرض,جامعة قفصة,كلية العلوم بقفصة,العلوم الصحيحة والتكنولوجيا
60522,مرحلة تحضيرية علمية,جامعة قفصة,المعهد التحضيري للدراسات الهندسية بقفصة,الهندسة المعمارية والمراحل التحضيرية العلمية
60523,الإجازة في علوم الإعلامية,جامعة قفصة,كلية العلوم بقفصة,العلوم الصحيحة والتكنولوجيا
60524,الإجازة في هندسة نظم الإعلامية,جامعة قفصة,المعهد العالي للعلوم التطبيقية و التكنولوجيا بقفصة,العلوم الصحيحة والتكنولوجيا
60532,مرحلة تحضيرية - تكنولوجيا,جامعة قفصة,المعهد التحضيري للدراسات الهندسية بقفصة,الهندسة المعمارية والمراحل التحضيرية العلمية
60546,الإجازة في البيوتكنولوجيا,جامعة قفصة,كلية العلوم بقفصة,العلوم الفلاحية والبيوتكنولوجيا والبيئة
60566,الإجازة في تكنولوجيات الإعلامية,الإدارة العامة للدراسات التكنولوجية,المعهد العالي للدراسات التكنولوجية بقفصة,العلوم الصحيحة والتكنولوجيا
60568,الإجازة في الهندسـة المدنية,الإدارة العامة للدراسات التكنولوجية,المعهد العالي للدراسات التكنولوجية بقفصة,العلوم الصحيحة والتكنولوجيا
60570,الإجازة في الهندسـة الميكانـيـكـيـة,جامعة قفصة,كلية العلوم بقفصة,العلوم الصحيحة والتكنولوجيا
60571,الإجازة في الهندسـة الكهـربـائـيــة,الإدارة العامة للدراسات التكنولوجية,المعهد العالي للدراسات التكنولوجية بقفصة,العلوم الصحيحة والتكنولوجيا
60573,الإجازة في تكنولوجيات المعلومات والاتصالات,جامعة قفصة,المعهد العالي للعلوم التطبيقية و التكنولوجيا بقفصة,العلوم الصحيحة والتكنولوجيا
60603,الإجازة في الهندسة الطاقية,جامعة قفصة,كلية العلوم بقفصة,العلوم الصحيحة والتكنولوجيا
60629,الإجازة في الإلكترونيك والكهروتقنية والآلية,جامعة قفصة,كلية العلوم بقفصة,العلوم الصحيحة والتكنولوجيا
60740,الإجازة في الـتـبـنـيـج والإنعاش,جامعة قفصة,المدرسة العليا لعلوم و تقنيات الصحة بقفصة,علوم الصحة والطب وطب الأسنان والصيدلة
60741,الإجازة في التصوير الطبي والمداواة بالأشعة,جامعة قفصة,المدرسة العليا لعلوم و تقنيات الصحة بقفصة,علوم الصحة والطب وطب الأسنان والصيدلة
60743,الإجازة في البيولوجيا الطبية,جامعة قفصة,المدرسة العليا لعلوم و تقنيات الصحة بقفصة,علوم الصحة والطب وطب الأسنان والصيدلة
60760,الإجازة في الرعاية الصحية الإستعجالية والانعاش,جامعة قفصة,المدرسة العليا لعلوم و تقنيات الصحة بقفصة,علوم الصحة والطب وطب الأسنان والصيدلة
61570,الإجازة في الهندسـة الميكانـيـكـيـة,جامعة قفصة,المعهد العالي للعلوم التطبيقية و التكنولوجيا بقفصة,العلوم الصحيحة والتكنولوجيا
61629,الإجازة في الإلكترونيك والكهروتقنية والآلية,جامعة قفصة,المعهد العالي للعلوم التطبيقية و التكنولوجيا بقفصة,العلوم الصحيحة والتكنولوجيا
62570,الإجازة في الهندسـة الميكانـيـكـيـة,الإدارة العامة للدراسات التكنولوجية,المعهد العالي للدراسات التكنولوجية بقفصة,العلوم الصحيحة والتكنولوجيا
63103,الإجازة في الفرنسية,جامعة قفصة,المعهد العالي للدراسات التطبيقية في الإنسانيات بتوزر,الآداب واللغات والمراحل التحضيرية الأدبية
63477,الإجازة في التربية والتعليم,جامعة قفصة,المعهد العالي للدراسات التطبيقية في الإنسانيات بتوزر,العلوم الإنسانية والإجتماعية والدينية والتربية
63566,الإجازة في تكنولوجيات الإعلامية,الإدارة العامة للدراسات التكنولوجية,المعهد العالي للدراسات التكنولوجية بتوزر,العلوم الصحيحة والتكنولوجيا
63568,الإجازة في الهندسـة المدنية,الإدارة العامة للدراسات التكنولوجية,المعهد العالي للدراسات التكنولوجية بتوزر,العلوم الصحيحة والتكنولوجيا
63570,الإجازة في الهندسـة الميكانـيـكـيـة,الإدارة العامة للدراسات التكنولوجية,المعهد العالي للدراسات التكنولوجية بتوزر,العلوم الصحيحة والتكنولوجيا
63571,الإجازة في الهندسـة الكهـربـائـيــة,الإدارة العامة للدراسات التكنولوجية,المعهد العالي للدراسات التكنولوجية بتوزر,العلوم الصحيحة والتكنولوجيا
70101,الإجازة في العربية,جامعة القيروان,كلية الآداب والعلوم الإنسانية بالقيروان,الآداب واللغات والمراحل التحضيرية الأدبية
70102,الإجازة في الإنقليزية,جامعة القيروان,كلية الآداب والعلوم الإنسانية بالقيروان,الآداب واللغات والمراحل التحضيرية الأدبية
70103,الإجازة في الفرنسية,جامعة القيروان,كلية الآداب والعلوم الإنسانية بالقيروان,الآداب واللغات والمراحل التحضيرية الأدبية
70122,الإجازة في الفـلســفــة,جامعة القيروان,كلية الآداب والعلوم الإنسانية بالقيروان,العلوم الإنسانية والإجتماعية والدينية والتربية
70138,الإجازة في العلوم الإسلامية,جامعة الزيتونة,المعهد العالي للعلوم الإسلامية بالقيروان,العلوم الإنسانية والإجتماعية والدينية والتربية
70147,الإجازة في الترجمة,جامعة القيروان,كلية الآداب والعلوم الإنسانية بالقيروان,الآداب واللغات والمراحل التحضيرية الأدبية
70167,الإجازة في الآثار,جامعة القيروان,كلية الآداب والعلوم الإنسانية بالقيروان,العلوم الإنسانية والإجتماعية والدينية والتربية
70202,الإجازة في الفنون التشكيلية,جامعة القيروان,المعهد العالي للفنون والحرف بالقيروان,الثقافة والفنون الجميلة والفنون والحرف
70207,الإجازة في تصميم الفضاء,جامعة القيروان,المعهد العالي للفنون والحرف بالقيروان,الثقافة والفنون الجميلة والفنون والحرف
70208,الاجازة في تصميم المنتوج,جامعة القيروان,المعهد العالي للفنون والحرف بالقيروان,الثقافة والفنون الجميلة والفنون والحرف
70209,الاجازة في تصميم الصورة,جامعة القيروان,المعهد العالي للفنون والحرف بالقيروان,الثقافة والفنون الجميلة والفنون والحرف
70301,الإجازة في القانون,جامعة القيروان,المعهد العالي للدراسات القانونية والسياسية بالقيروان,العلوم القانونية والعلوم السياسية
70311,الإجازة في إعلامية التـصـرف,جامعة القيروان,المعهد العالي للإعلامية و التصرف بالقيروان,العلوم الصحيحة والتكنولوجيا
70312,الاجازة في العلوم الاقتصادية,جامعة القيروان,المعهد العالي للإعلامية و التصرف بالقيروان,العلوم الإقتصادية وعلوم التصرف
70318,الإجازة في علوم التصرف,جامعة القيروان,المعهد العالي للإعلامية و التصرف بالقيروان,العلوم الإقتصادية وعلوم التصرف
70391,الإجازة في إدارة الأعمال,الإدارة العامة للدراسات التكنولوجية,المعهد العالي للدراسات التكنولوجية بالقيروان,العلوم الإقتصادية وعلوم التصرف
70394,الاجازة في المحاسبة و المالية,الإدارة العامة للدراسات التكنولوجية,المعهد العالي للدراسات التكنولوجية بالقيروان,العلوم الإقتصادية وعلوم التصرف
70396,الاجازة في التجارة والتوزيع,الإدارة العامة للدراسات التكنولوجية,المعهد العالي للدراسات التكنولوجية بالقيروان,العلوم الإقتصادية وعلوم التصرف
70505,الاجازة في الرياضيات التطبيقية,جامعة القيروان,المعهد العالي للرياضيات التطبيقية والإعلامية بالقيروان,العلوم الصحيحة والتكنولوجيا
70522,مرحلة تحضيرية علمية,جامعة القيروان,المعهد التحضيري للدراسات الهندسية بالقيروان,الهندسة المعمارية والمراحل التحضيرية العلمية
70523,الإجازة في علوم الإعلامية,جامعة القيروان,المعهد العالي للإعلامية و التصرف بالقيروان,العلوم الصحيحة والتكنولوجيا
70524,الإجازة في هندسة نظم الإعلامية,جامعة القيروان,المعهد العالي للإعلامية و التصرف بالقيروان,العلوم الصحيحة والتكنولوجيا
70532,مرحلة تحضيرية - تكنولوجيا,جامعة القيروان,المعهد التحضيري للدراسات الهندسية بالقيروان,الهندسة المعمارية والمراحل التحضيرية العلمية
70566,الإجازة في تكنولوجيات الإعلامية,الإدارة العامة للدراسات التكنولوجية,المعهد العالي للدراسات التكنولوجية بالقيروان,العلوم الصحيحة والتكنولوجيا
70570,الإجازة في الهندسـة الميكانـيـكـيـة,جامعة القيروان,المعهد العالي للعلوم التطبيقية و التكنولوجيا بالقيروان,العلوم الصحيحة والتكنولوجيا
70571,الإجازة في الهندسـة الكهـربـائـيــة,الإدارة العامة للدراسات التكنولوجية,المعهد العالي للدراسات التكنولوجية بالقيروان,العلوم الصحيحة والتكنولوجيا
70603,الإجازة في الهندسة الطاقية,جامعة القيروان,المعهد العالي للعلوم التطبيقية و التكنولوجيا بالقيروان,العلوم الصحيحة والتكنولوجيا
70629,الإجازة في الإلكترونيك والكهروتقنية والآلية,جامعة القيروان,المعهد العالي للعلوم التطبيقية و التكنولوجيا بالقيروان,العلوم الصحيحة والتكنولوجيا
71523,الإجازة في علوم الإعلامية,جامعة القيروان,المعهد العالي للرياضيات التطبيقية والإعلامية بالقيروان,العلوم الصحيحة والتكنولوجيا
71524,الإجازة في هندسة نظم الإعلامية,جامعة القيروان,المعهد العالي للعلوم التطبيقية و التكنولوجيا بالقيروان,العلوم الصحيحة والتكنولوجيا
72524,الإجازة في هندسة نظم الإعلامية,جامعة القيروان,المعهد العالي للرياضيات التطبيقية والإعلامية بالقيروان,العلوم الصحيحة والتكنولوجيا
72570,الإجازة في الهندسـة الميكانـيـكـيـة,الإدارة العامة للدراسات التكنولوجية,المعهد العالي للدراسات التكنولوجية بالقيروان,العلوم الصحيحة والتكنولوجيا
73102,الإجازة في الإنقليزية,جامعة القيروان,المعهد العالي للدراسات التطبيقية في الانسانيات بسبيطلة,الآداب واللغات والمراحل التحضيرية الأدبية
73202,الإجازة في الفنون التشكيلية,جامعة القيروان,المعهد العالي للفنون و الحرف بالقصرين,الثقافة والفنون الجميلة والفنون والحرف
73207,الإجازة في تصميم الفضاء,جامعة القيروان,المعهد العالي للفنون و الحرف بالقصرين,الثقافة والفنون الجميلة والفنون والحرف
73208,الاجازة في تصميم المنتوج,جامعة القيروان,المعهد العالي للفنون و الحرف بالقصرين,الثقافة والفنون الجميلة والفنون والحرف
73391,الإجازة في إدارة الأعمال,الإدارة العامة للدراسات التكنولوجية,المعهد العالي للدراسات التكنولوجية بالقصرين,العلوم الإقتصادية وعلوم التصرف
73394,الاجازة في المحاسبة و المالية,الإدارة العامة للدراسات التكنولوجية,المعهد العالي للدراسات التكنولوجية بالقصرين,العلوم الإقتصادية وعلوم التصرف
73440,الإجازة في التنشيط السياحي,جامعة القيروان,المعهد العالي للدراسات التطبيقية في الانسانيات بسبيطلة,السياحة والتنشيط والرياضة والتربية البدنية
73477,الإجازة في التربية والتعليم,جامعة القيروان,المعهد العالي للدراسات التطبيقية في الانسانيات بسبيطلة,العلوم الإنسانية والإجتماعية والدينية والتربية
73523,الإجازة في علوم الإعلامية,جامعة القيروان,المعهد العالي للعلوم التطبيقية و التكنولوجيا بالقصرين,العلوم الصحيحة والتكنولوجيا
73524,الإجازة في هندسة نظم الإعلامية,جامعة القيروان,المعهد العالي للعلوم التطبيقية و التكنولوجيا بالقصرين,العلوم الصحيحة والتكنولوجيا
73566,الإجازة في تكنولوجيات الإعلامية,الإدارة العامة للدراسات التكنولوجية,المعهد العالي للدراسات التكنولوجية بالقصرين,العلوم الصحيحة والتكنولوجيا
73570,الإجازة في الهندسـة الميكانـيـكـيـة,جامعة القيروان,المعهد العالي للعلوم التطبيقية و التكنولوجيا بالقصرين,العلوم الصحيحة والتكنولوجيا
73571,الإجازة في الهندسـة الكهـربـائـيــة,الإدارة العامة للدراسات التكنولوجية,المعهد العالي للدراسات التكنولوجية بالقصرين,العلوم الصحيحة والتكنولوجيا
73573,الإجازة في تكنولوجيات المعلومات والاتصالات,جامعة القيروان,المعهد العالي للعلوم التطبيقية و التكنولوجيا بالقصرين,العلوم الصحيحة والتكنولوجيا
73629,الإجازة في الإلكترونيك والكهروتقنية والآلية,جامعة القيروان,المعهد العالي للعلوم التطبيقية و التكنولوجيا بالقصرين,العلوم الصحيحة والتكنولوجيا
74570,الإجازة في الهندسـة الميكانـيـكـيـة,الإدارة العامة للدراسات التكنولوجية,المعهد العالي للدراسات التكنولوجية بالقصرين,العلوم الصحيحة والتكنولوجيا
75202,الإجازة في الفنون التشكيلية,جامعة القيروان,المعهد العالي للفنون والحرف بسيدي بوزيد,الثقافة والفنون الجميلة والفنون والحرف
75207,الإجازة في تصميم الفضاء,جامعة القيروان,المعهد العالي للفنون والحرف بسيدي بوزيد,الثقافة والفنون الجميلة والفنون والحرف
75208,الاجازة في تصميم المنتوج,جامعة القيروان,المعهد العالي للفنون والحرف بسيدي بوزيد,الثقافة والفنون الجميلة والفنون والحرف
75209,الاجازة في تصميم الصورة,جامعة القيروان,المعهد العالي للفنون والحرف بسيدي بوزيد,الثقافة والفنون الجميلة والفنون والحرف
75502,الإجازة في الفيزياء و الكيمياء,جامعة القيروان,كلية العلوم و التقنيات بسيدي بوزيد,العلوم الصحيحة والتكنولوجيا
75512,الإجازة في علوم الأحياء و المحيط,جامعة القيروان,كلية العلوم و التقنيات بسيدي بوزيد,العلوم الصحيحة والتكنولوجيا
75523,الإجازة في علوم الإعلامية,جامعة القيروان,كلية العلوم و التقنيات بسيدي بوزيد,العلوم الصحيحة والتكنولوجيا
75566,الإجازة في تكنولوجيات الإعلامية,الإدارة العامة للدراسات التكنولوجية,المعهد العالى للدراسات التكنولوجية بسيدي بوزيد,العلوم الصحيحة والتكنولوجيا
75570,الإجازة في الهندسـة الميكانـيـكـيـة,الإدارة العامة للدراسات التكنولوجية,المعهد العالى للدراسات التكنولوجية بسيدي بوزيد,العلوم الصحيحة والتكنولوجيا
75571,الإجازة في الهندسـة الكهـربـائـيــة,الإدارة العامة للدراسات التكنولوجية,المعهد العالى للدراسات التكنولوجية بسيدي بوزيد,العلوم الصحيحة والتكنولوجيا
75573,الإجازة في تكنولوجيات المعلومات والاتصالات,جامعة القيروان,كلية العلوم و التقنيات بسيدي بوزيد,العلوم الصحيحة والتكنولوجيا
75597,الإجازة في هندسة الأساليب,الإدارة العامة للدراسات التكنولوجية,المعهد العالى للدراسات التكنولوجية بسيدي بوزيد,العلوم الصحيحة والتكنولوجيا
75842,الإجازة في التكنولوجيات الغذائية والمحيط,جامعة القيروان,كلية العلوم و التقنيات بسيدي بوزيد,العلوم الفلاحية والبيوتكنولوجيا والبيئة
80102,الإجازة في الإنقليزية,جامعة جندوبة,المعهد العالي للعلوم الإنسانية بجندوبة,الآداب واللغات والمراحل التحضيرية الأدبية
80103,الإجازة في الفرنسية,جامعة جندوبة,المعهد العالي للعلوم الإنسانية بجندوبة,الآداب واللغات والمراحل التحضيرية الأدبية
80123,الإجازة في التاريخ,جامعة جندوبة,المعهد العالي للعلوم الإنسانية بجندوبة,العلوم الإنسانية والإجتماعية والدينية والتربية
80159,الاجازة في جغرافية البيئة,جامعة جندوبة,المعهد العالي للعلوم الإنسانية بجندوبة,العلوم الإنسانية والإجتماعية والدينية والتربية
80301,الإجازة في القانون,جامعة جندوبة,كلية العلوم القانونية والإقتصادية والتصرف بجندوبة,العلوم القانونية والعلوم السياسية
80311,الإجازة في إعلامية التـصـرف,جامعة جندوبة,كلية العلوم القانونية والإقتصادية والتصرف بجندوبة,العلوم الصحيحة والتكنولوجيا
80312,الاجازة في العلوم الاقتصادية,جامعة جندوبة,كلية العلوم القانونية والإقتصادية والتصرف بجندوبة,العلوم الإقتصادية وعلوم التصرف
80318,الإجازة في علوم التصرف,جامعة جندوبة,كلية العلوم القانونية والإقتصادية والتصرف بجندوبة,العلوم الإقتصادية وعلوم التصرف
80394,الاجازة في المحاسبة و المالية,الإدارة العامة للدراسات التكنولوجية,المعهد العالى للدراسات التكنولوجية بجندوبة,العلوم الإقتصادية وعلوم التصرف
80396,الاجازة في التجارة والتوزيع,الإدارة العامة للدراسات التكنولوجية,المعهد العالى للدراسات التكنولوجية بجندوبة,العلوم الإقتصادية وعلوم التصرف
80477,الإجازة في التربية والتعليم,جامعة جندوبة,المعهد العالي للعلوم الإنسانية بجندوبة,العلوم الإنسانية والإجتماعية والدينية والتربية
80566,الإجازة في تكنولوجيات الإعلامية,الإدارة العامة للدراسات التكنولوجية,المعهد العالى للدراسات التكنولوجية بجندوبة,العلوم الصحيحة والتكنولوجيا
80570,الإجازة في الهندسـة الميكانـيـكـيـة,الإدارة العامة للدراسات التكنولوجية,المعهد العالى للدراسات التكنولوجية بجندوبة,العلوم الصحيحة والتكنولوجيا
80571,الإجازة في الهندسـة الكهـربـائـيــة,الإدارة العامة للدراسات التكنولوجية,المعهد العالى للدراسات التكنولوجية بجندوبة,العلوم الصحيحة والتكنولوجيا
80844,الإجازة في العلوم الفلاحية,جامعة جندوبة,معهد الغابات والمراعي بطبرقة,العلوم الفلاحية والبيوتكنولوجيا والبيئة
82102,الإجازة في الإنقليزية,جامعة جندوبة,المعهد العالي للدراسات التطبيقية في الإنسانيات بالكاف,الآداب واللغات والمراحل التحضيرية الأدبية
82103,الإجازة في الفرنسية,جامعة جندوبة,المعهد العالي للدراسات التطبيقية في الإنسانيات بالكاف,الآداب واللغات والمراحل التحضيرية الأدبية
82200,الإجازة في المسرح و فنون العرض,جامعة جندوبة,المعهد العالي للموسيقى و المسرح بالكاف,الثقافة والفنون الجميلة والفنون والحرف
82201,الإجازة في الموسيقى و العلوم الموسيقية,جامعة جندوبة,المعهد العالي للموسيقى و المسرح بالكاف,الثقافة والفنون الجميلة والفنون والحرف
82391,الإجازة في إدارة الأعمال,الإدارة العامة للدراسات التكنولوجية,المعهد العالى للدراسات التكنولوجية بالكاف,العلوم الإقتصادية وعلوم التصرف
82394,الاجازة في المحاسبة و المالية,الإدارة العامة للدراسات التكنولوجية,المعهد العالى للدراسات التكنولوجية بالكاف,العلوم الإقتصادية وعلوم التصرف
82450,الإجازة في علوم وتقنيات الأنشطة البدنية والرياضة,جامعة جندوبة,المعهد العالي للرياضة والتربية البدنية بالكاف,السياحة والتنشيط والرياضة والتربية البدنية
82477,الإجازة في التربية والتعليم,جامعة جندوبة,المعهد العالي للدراسات التطبيقية في الإنسانيات بالكاف,العلوم الإنسانية والإجتماعية والدينية والتربية
82515,مرحلة تحضيرية مندمجة في الهندسة البيولوجية والبيوطبية,جامعة جندوبة,المعهد الوطني للتكنولوجيا والعلوم بالكاف,الهندسة المعمارية والمراحل التحضيرية العلمية
82523,الإجازة في علوم الإعلامية,جامعة جندوبة,المعهد العالي للإعلامية بالكاف,العلوم الصحيحة والتكنولوجيا
82524,الإجازة في هندسة نظم الإعلامية,جامعة جندوبة,المعهد العالي للإعلامية بالكاف,العلوم الصحيحة والتكنولوجيا
82566,الإجازة في تكنولوجيات الإعلامية,الإدارة العامة للدراسات التكنولوجية,المعهد العالى للدراسات التكنولوجية بالكاف,العلوم الصحيحة والتكنولوجيا
82570,الإجازة في الهندسـة الميكانـيـكـيـة,الإدارة العامة للدراسات التكنولوجية,المعهد العالى للدراسات التكنولوجية بالكاف,العلوم الصحيحة والتكنولوجيا
82571,الإجازة في الهندسـة الكهـربـائـيــة,الإدارة العامة للدراسات التكنولوجية,المعهد العالى للدراسات التكنولوجية بالكاف,العلوم الصحيحة والتكنولوجيا
82797,الإجازة في علوم التمريض-اناث,جامعة جندوبة,المعهد العالي لعلوم التمريض بالكاف,علوم الصحة والطب وطب الأسنان والصيدلة
82844,الإجازة في العلوم الفلاحية,جامعة جندوبة,المدرسة العليا للفلاحة بالكاف,العلوم الفلاحية والبيوتكنولوجيا والبيئة
83797,الإجازة في علوم التمريض-ذكور,جامعة جندوبة,المعهد العالي لعلوم التمريض بالكاف,علوم الصحة والطب وطب الأسنان والصيدلة
84102,الإجازة في الإنقليزية,جامعة جندوبة,المعهد العالي للغات التطبيقية و الاعلامية بباجة,الآداب واللغات والمراحل التحضيرية الأدبية
84506,الإجازة في الهيدروميكانيك,جامعة جندوبة,المدرسة العليا للمهندسين بمجاز الباب,العلوم الصحيحة والتكنولوجيا
84509,الإجازة في علوم الأحياء,جامعة جندوبة,المعهد العالي للبيوتكنولوجيا بباجة,العلوم الصحيحة والتكنولوجيا
84512,الإجازة في علوم الأحياء و المحيط,جامعة جندوبة,المعهد العالي للبيوتكنولوجيا بباجة,العلوم الصحيحة والتكنولوجيا
84523,الإجازة في علوم الإعلامية,جامعة جندوبة,المعهد العالي للغات التطبيقية و الاعلامية بباجة,العلوم الصحيحة والتكنولوجيا
84546,الإجازة في البيوتكنولوجيا,جامعة جندوبة,المعهد العالي للبيوتكنولوجيا بباجة,العلوم الفلاحية والبيوتكنولوجيا والبيئة
84566,الإجازة في تكنولوجيات الإعلامية,الإدارة العامة للدراسات التكنولوجية,المعهد العالي للدراسات التكنولوجية بباجة,العلوم الصحيحة والتكنولوجيا
84570,الإجازة في الهندسـة الميكانـيـكـيـة,الإدارة العامة للدراسات التكنولوجية,المعهد العالي للدراسات التكنولوجية بباجة,العلوم الصحيحة والتكنولوجيا
84571,الإجازة في الهندسـة الكهـربـائـيــة,الإدارة العامة للدراسات التكنولوجية,المعهد العالي للدراسات التكنولوجية بباجة,العلوم الصحيحة والتكنولوجيا
84841,الإجازة في علوم وتقنيات الأغذية,جامعة جندوبة,المعهد العالي للبيوتكنولوجيا بباجة,العلوم الفلاحية والبيوتكنولوجيا والبيئة
86202,الإجازة في الفنون التشكيلية,جامعة جندوبة,المعهد العالي للفنون و الحرف بسليانة,الثقافة والفنون الجميلة والفنون والحرف
86207,الإجازة في تصميم الفضاء,جامعة جندوبة,المعهد العالي للفنون و الحرف بسليانة,الثقافة والفنون الجميلة والفنون والحرف
86209,الاجازة في تصميم الصورة,جامعة جندوبة,المعهد العالي للفنون و الحرف بسليانة,الثقافة والفنون الجميلة والفنون والحرف
86391,الإجازة في إدارة الأعمال,الإدارة العامة للدراسات التكنولوجية,المعهد العالى للدراسات التكنولوجية بسليانة,العلوم الإقتصادية وعلوم التصرف
86394,الاجازة في المحاسبة و المالية,الإدارة العامة للدراسات التكنولوجية,المعهد العالى للدراسات التكنولوجية بسليانة,العلوم الإقتصادية وعلوم التصرف
86396,الاجازة في التجارة والتوزيع,الإدارة العامة للدراسات التكنولوجية,المعهد العالى للدراسات التكنولوجية بسليانة,العلوم الإقتصادية وعلوم التصرف
86566,الإجازة في تكنولوجيات الإعلامية,الإدارة العامة للدراسات التكنولوجية,المعهد العالى للدراسات التكنولوجية بسليانة,العلوم الصحيحة والتكنولوجيا
86568,الإجازة في الهندسـة المدنية,الإدارة العامة للدراسات التكنولوجية,المعهد العالى للدراسات التكنولوجية بسليانة,العلوم الصحيحة والتكنولوجيا
86570,الإجازة في الهندسـة الميكانـيـكـيـة,الإدارة العامة للدراسات التكنولوجية,المعهد العالى للدراسات التكنولوجية بسليانة,العلوم الصحيحة والتكنولوجيا
86571,الإجازة في الهندسـة الكهـربـائـيــة,الإدارة العامة للدراسات التكنولوجية,المعهد العالى للدراسات التكنولوجية بسليانة,العلوم الصحيحة والتكنولوجيا
